资产负债率,有形资产带息债务比,有形资产负债率,市净率母公司,综合杠杆,每股企业自由现金流量,第一大股东持股比率,成本费用利润率,留存收益资产比,总资产周转率,流动资产周转率,Z值,风险值,上年度违规,上年度违规次数
0.387338,0.012457,0.23652,3.338218,1.054167,-0.405663,31.32,-2.516554,-1.758928,0.289305,0.327547,-2.063317,2.357,1,1
0.711224,0.341914,0.742921,22.638628,1.054167,-0.015273,31.32,0.180433,-0.97963,0.623509,0.922118,5.286887,2.807,1,10
0.483645,0.273412,0.435902,1.929914,1.068009,-0.220396,31.32,0.155528,0.348039,0.586732,1.629604,2.452669,0.11,0,0
0.59228,0.080674,0.58724,2.611713,0.972583,0.010339,34.02,0.154586,0.305835,0.255329,0.285646,2.255891,0.04,0,0
0.419243,0.120834,0.468512,7.35954,1.203556,0.198672,31.32,0.017338,-0.125095,1.091342,1.924038,7.237921,0.082,0,0
0.808366,0.221218,0.804456,3.516084,1.363681,-1.827506,31.32,0.033373,0.027597,0.966153,1.206636,1.442839,0.006,0,0
0.795604,0.402267,0.889142,1.550119,1.219779,-1.664119,23.15,0.00444,0.07158,2.881438,3.568694,3.495535,0.028,0,0
0.60563,0.793238,1.033385,0.167318,1.964671,-4.819553,31.32,0.062742,0.120187,0.253391,1.125269,0.825151,0.02,0,0
0.991498,0.559313,0.900578,2.059113,-0.280217,-0.037093,31.32,-1.126815,-0.185366,0.067886,0.107949,-0.767999,2.578,1,9
0.626341,0.472839,0.629068,0.851229,2.981736,-0.426616,15.85,0.038962,0.018206,0.388291,1.422129,0.694496,0.051,0,0
0.792816,0.555771,0.694369,3.002598,1.054167,0.038332,31.32,-1.347184,-0.035996,0.06545,0.619695,-0.46976,2.712,1,6
0.670948,0.342125,0.723793,2.105441,1.021743,-0.583222,21.28,0.076724,0.167659,0.67948,0.891789,2.092428,0.115,0,0
0.901682,0.485141,0.864636,11.717011,1.054167,0.014445,31.32,-0.087071,-0.499919,0.25726,0.692597,-0.284178,0.056,0,0
0.699494,0.46767,0.7554,2.405233,2.865864,-0.493863,31.32,-0.150317,-0.003175,0.532402,0.847303,1.409499,2.45,1,2
0.632944,0.463876,0.667108,1.583509,1.406907,-0.623996,6.79,0.101657,0.064442,0.462651,1.744136,0.753709,2.201,1,3
1.186659,0.728968,1.2828,2.616403,1.054167,-0.004403,31.32,-0.471613,-0.510466,0.240496,0.956138,-1.30655,2.622,1,7
0.151369,0.266441,0.473462,1.289554,1.359671,-0.006166,22.82,0.083103,0.5599,0.523605,1.061255,6.468765,0.233,0,0
0.14046,0.075505,0.180393,2.416981,0.893865,-0.314918,31.32,0.311152,0.174424,0.301314,0.789369,8.452366,2.554,1,12
0.596684,0.413212,0.643876,0.466214,1.054167,0.005021,31.32,-0.406945,-0.081801,0.100565,0.192092,0.034933,2.64,1,4
0.653785,0.588614,0.799251,5.992675,1.094953,0.828282,17.08,0.163253,0.077566,1.053184,3.702468,2.199017,2.396,1,2
0.422657,0.437206,0.630922,2.555552,1.563274,0.058571,31.32,0.166302,0.142146,0.216739,2.673359,1.53658,2.719,1,3
0.608697,0.302586,0.644319,4.171027,1.046057,0.170392,31.32,0.160766,-0.181329,0.161349,0.717721,1.672941,0,0,0
0.679528,0.423986,0.650259,3.757745,1.054167,-0.270856,27.96,-0.316978,0.078645,0.204381,0.730344,1.46098,2.705,1,1
0.86399,0.791712,1.019576,5.328905,1.200553,0.197968,31.32,-0.675728,-0.149385,0.626402,1.238849,1.060843,2.923,1,11
0.593573,0.31325,0.640608,0.812051,1.136929,-0.375786,31.32,0.040394,0.184399,0.626621,0.897556,1.314151,0.103,0,0
0.665328,0.263606,0.736961,4.164997,1.45366,-0.040483,17.37,-0.007165,-0.0073,0.695224,0.906698,1.934857,0.922,0,0
0.277451,0.06099,0.262615,2.681001,0.8974,-6.502885,25.02,0.119208,0.361038,0.684316,1.022742,5.588652,0.197,0,0
1.064098,0.205984,0.964125,1.626107,1.054167,0.680041,31.32,-1.844142,-0.082529,0.026096,0.053299,-0.915637,2.511,1,1
0.30465,0.048654,0.356413,0.431689,0.942579,-1.394865,31.32,0.172704,0.22147,0.235816,0.417154,2.879622,0.078,0,0
0.575473,0.358652,0.571633,1.535331,2.660346,-0.000187,31.32,-0.403674,-0.25806,0.050468,0.229473,0.580304,2.516,1,3
0.659991,0.291298,0.75747,3.755672,1.133946,0.213162,31.32,0.045381,-0.386769,0.442652,2.359926,0.264349,2.77,1,8
0.108491,0.05426,0.172633,3.356251,1.002213,0.077066,41.77,0.049044,0.3305,0.221949,0.488571,13.379553,0.222,0,0
0.758702,0.199259,0.751989,2.614463,1.054167,-0.012016,31.32,-0.411939,-0.19402,0.394258,0.655496,0.386446,0.015,0,0
0.351025,0.018921,0.426182,5.139104,0.944662,7.653491,31.32,0.325333,0.395001,0.561038,0.748525,10.176087,0.044,0,0
0.660841,0.613254,0.70198,0.760201,2.320485,-0.678829,31.32,-0.187724,0.096132,0.500951,2.782889,0.808153,0.167,0,0
0.613292,0.117586,1.68022,2.616403,1.130585,-0.006899,31.32,-3.303052,-12.309116,0.272973,0.691822,-9.659512,2.347,1,1
0.752266,0.304129,0.723863,1.710204,1.054167,0.154423,31.32,-0.429206,0.100354,0.185347,0.200103,1.151033,2.564,1,4
0.93848,0.542275,0.702138,4.844146,1.054167,-0.110404,31.32,-0.172624,0.1930595,0.362721,1.605274,-0.173821,2.755,1,1
0.169904,0.074036,0.097467,0.57662,1.204466,-0.000795,31.32,0.65665,0.448096,0.011893,2.142446,1.882587,2.545,1,1
0.978519,0.488815,0.950147,0.798575,5.709441,-0.032547,31.32,-0.32116,-0.084218,0.133614,0.250759,-0.32686,0.011,0,0
0.384058,0.127993,0.381994,8.864249,1.054167,-0.134601,31.32,-0.001638,-1.306843,0.7534,1.176607,7.905567,0.003,0,0
0.511933,0.276867,0.530914,1.621929,1.190072,-0.012599,36.53,0.039095,0.162231,1.9833,3.140233,3.350149,0.232,0,0
0.597619,0.217107,0.660179,11.017546,2.191278,-0.282803,31.32,0.228634,-0.490169,0.277891,0.432154,3.617039,2.797,1,6
0.713045,0.179443,0.720399,1.962662,0.864884,0.022546,31.32,0.164097,0.263923,0.532325,0.740724,1.693175,2.072,1,2
0.835785,0.527262,0.969334,1.232217,1.054167,-0.266481,32.98,0.012599,0.082411,0.505612,0.757983,0.882254,0.05,0,0
0.870178,0.218917,0.789951,0.682779,1.054167,0.576316,31.32,0.071304,-0.003978,0.183156,0.217487,0.020876,0.128,0,0
0.167743,0.402448,0.49678,3.639833,1.505367,-0.027294,19.27,0.115793,-0.87383,0.670543,0.885686,9.039176,2.5,1,1
0.435911,0.089702,0.488524,1.914571,3.300888,-1.114988,31.32,0.908259,0.392851,0.274357,0.453337,2.193315,0.138,0,0
0.79209,0.662276,0.841162,2.581465,2.956818,0.039864,31.32,-0.358581,-0.633009,0.43469,2.342773,-0.6811,2.739,1,1
0.916395,0.231573,0.895043,1.058485,1.054167,-0.070801,31.32,-0.228688,-0.012293,0.133198,0.159437,0.046477,2.417,1,4
0.440122,0.203214,0.336372,2.227173,1.021274,0.234159,30.99,0.756112,0.28974,0.367907,1.366366,2.30891,2.66,1,3
0.763528,0,0.775509,1.018498,1.054167,0.269864,30.81,0.0823155,0.091193,0.05713,0.9002815,2.902406,2.462,1,2
0.584008,0.467098,0.773607,7.022358,1.210108,-0.115644,31.32,0.129008,0.183196,0.199443,4.383812,2.597609,2.396,1,3
0.600243,0.189415,0.550435,7.681202,1.054167,-0.252855,31.32,-0.213312,-0.115795,0.503374,1.069674,3.637374,2.634,1,1
0.852813,0.575732,0.76738,4.992858,1.054167,-0.076107,31.32,-0.263168,-0.30822,1.457492,3.453684,1.35198,0.066,0,0
0.708318,0.593568,0.69925,1.175404,1.545501,-1.322722,40.61,0.028866,0.112119,1.358019,3.572054,1.60289,0.159,0,0
0.737564,0.466167,0.755342,0.491761,3.85167,0.313211,31.32,0.023886,0.072716,0.566558,1.999977,0.462848,2.555,1,1
1.050381,0.358382,1.018305,4.037408,1.054167,-0.00312,31.32,-0.985417,-0.727346,0.025311,0.040472,-1.6858,2.459,1,5
0.460487,0.399741,0.550136,0.961956,5.106804,0.07819,31.32,-0.021364,0.035022,0.644157,1.736076,2.139683,2.535,1,1
0.543479,0.128874,0.502099,0.962812,1.030581,-0.118512,31.32,0.044348,0.177907,1.952351,8.631124,2.077948,2.537,1,1
0.745465,0.012811,0.746481,0.976723,1.054167,-0.310888,21.7,0.0823155,0.061125,0.038596,0.9002815,2.902406,2.114,1,6
0.960782,0.4195,0.946501,0.883525,1.054167,0.107199,31.32,-0.464168,-0.024398,0.04102,0.051885,-0.101771,2.496,1,3
0.65826,0.052184,0.602802,45.11623,5.084333,0.024429,31.32,0.025701,-0.373204,0.324405,0.548412,0.727912,2.81,1,2
0.473704,0.26631,0.5037,1.71214,1.092991,-0.117743,30.59,0.068031,0.283723,0.907788,2.170401,4.460763,0.131,0,0
0.797827,0.002293,0.800125,1.245171,1.054167,2.350402,22.31,0.0823155,0.077762,0.034906,0.9002815,2.902406,2.376,1,2
0.250342,0.159918,0.29823,2.628843,1.041135,0.133897,37.83,0.213338,0.575292,0.696893,1.816609,5.671811,2.247,1,1
0.477853,0.153681,0.481833,5.435207,1.253882,-0.009962,31.32,0.022458,0.222733,0.787882,0.928045,3.78955,2.711,1,2
1.26663,0.495016,0.960694,175.775754,1.054167,-0.17391,31.32,-0.536468,-0.594336,0.129497,0.234673,-1.762634,2.456,1,2
0.56014,0.040217,0.71117,1.830426,1.054167,-0.013856,31.32,0.0823155,-0.679744,0.031335,0.05247,0.313224,2.767,1,5
1.619396,1.218638,1.645546,2.616403,2.616678,-0.026489,31.32,-0.783442,-1.715188,0.761514,1.044548,-1.626415,2.852,1,5
0.352871,0.273018,0.479419,2.454128,1.051756,0.449603,29.1,0.152439,0.208473,1.24075,5.877405,3.534647,2.005,1,1
0.068797,0.010876,0.067278,0.658995,0.547596,0.122733,31.32,-0.125692,0.682253,0.100602,0.144234,14.361453,2.343,1,8
0.381105,0.190974,0.316638,4.997497,1.054167,-0.19988,20.86,-0.018408,-0.248631,0.355372,0.726957,4.805539,0.14,0,0
0.221753,0.023051,0.15372,3.957451,0.955037,-0.225969,22.91,0.047905,0.40749,2.323377,7.687305,16.291188,2.661,1,1
0.666284,0.002937,1.000253,3.747354,1.054167,-0.099183,31.32,0.0823155,-1.438166,0.444977,0.776294,1.541155,2.763,1,4
0.487396,0.166559,0.479895,1.050285,1.019618,0.159419,31.32,0.0641,0.311433,1.340313,4.110125,2.178943,2.276,1,1
0.610789,0.676453,1.084836,0.608708,1.054167,0.182016,31.32,-0.434628,-0.081474,0.266612,0.853695,0.343042,2.628,1,5
0.87751,0.515242,0.9674,4.99857,7.910955,0.598642,19.03,0.004505,0.057738,3.568094,4.70744,4.056002,2.338,1,2
0.26727,0.018033,0.241814,3.409486,0.973054,0.071178,31.32,0.416686,0.534122,0.70606,0.825456,8.204763,2.425,1,2
0.438445,0.35668,0.463093,0.799926,8.979537,0.125025,31.32,-0.116299,-0.044743,0.090551,0.437629,0.655191,2.653,1,2
0.345103,0.056182,0.395427,2.211946,0.990471,0.082428,31.32,-0.598935,-0.244227,0.26011,0.29807,2.313976,0,0,0
0.853706,0.563721,0.86615,5.852238,1.740905,0.211519,31.32,-0.138278,-0.570018,0.57247,1.47149,0.457339,2.567,1,3
0.649765,0.493525,0.773204,2.789175,1.073113,1.310273,21.42,0.242411,0.18047,0.706113,1.806066,1.87218,2.405,1,2
0.51576,0.348886,0.546657,1.137743,1.094955,-0.210988,31.32,0.200786,0.278278,0.69992,1.925052,1.903537,2.597,1,5
0.670576,0.08221,0.736291,14.757569,3.468024,0.125603,31.32,0.030856,-2.692178,0.560198,1.371973,3.381235,0.181,0,0
0.898107,0.161885,0.887385,0.728542,1.180261,1.067455,31.32,-0.058544,0.017883,0.192475,0.240214,0.150765,2.701,1,1
0.394034,0.264927,0.660146,0.953766,1.123784,-0.272089,31.32,0.076606,0.146165,0.418704,0.942125,1.662121,2.525,1,1
0.815295,0.355157,0.70537,3.15916,1.054167,-0.058917,31.32,-0.620694,-2.975008,0.387898,0.529404,-4.000852,2.601,1,10
0.878331,0.21191,0.903381,25.932582,2.808472,0.055696,16.18,0.0823155,-2.055613,0.71397,1.099792,-0.280098,2.465,1,1
0.657081,0.497124,0.718192,5.847363,1.303365,0.001166,31.32,-0.434581,-2.915618,0.109982,0.216027,-1.908796,2.563,1,2
0.693949,0.600446,0.839108,2.131869,1.139897,-0.160688,31.32,-0.382652,-0.52677,0.20906,0.57213,-0.413605,2.441,1,3
0.464749,0.230713,0.362787,2.60662,1.085743,-0.768038,28.69,0.311305,0.211274,0.310334,1.92314,2.064573,0.099,0,0
0.288554,0.021454,0.197358,2.73548,0.981315,0.629698,42.37,0.0823155,0.300364,0.720426,1.737043,2.836104,0,0,0
0.093376,0.001202,0.073979,2.569484,0.985455,-2.880534,46.74,0.0823155,0.456306,0.484992,0.534195,11.933238,2.505,1,1
0.42014,0.25288,0.50227,1.052119,1.555058,-0.504519,31.32,0.167214,0.28524,0.236285,0.265863,2.533735,0.512,0,0
0.45059,0.316212,0.44285,1.513562,1.517612,0.000504,31.32,0.161544,0.22594,0.256697,0.809276,1.265003,2.496,1,2
0.593003,0.525659,0.64618,2.788671,1.932575,-0.211855,31.32,0.14034,0.042397,0.356848,1.218363,1.379095,2.515,1,4
0.296253,0.044312,0.28431,1.317348,0.972229,-0.184587,31.32,0.656087,0.55339,0.126392,0.158141,3.159282,0.006,0,0
1.216047,0.482143,0.932506,8.871535,1.110096,-0.067378,31.32,-0.514065,-1.092714,0.644527,0.834525,-1.082854,2.713,1,1
0.340163,0.032596,0.352641,5.150956,0.987052,-1.262876,38.47,0.140422,0.33323,0.603874,0.70933,7.257719,0.092,0,0
0.083531,0.005762,0.065596,1.62746,0.898009,-0.112134,15.73,-0.138148,0.475536,0.115116,0.405394,18.400837,0.285,0,0
0.693688,0.449255,0.710549,4.148528,2.402375,-0.217873,31.32,0.008698,0.103896,0.727841,1.386567,1.737349,2.682,1,1
0.528513,0.260464,0.691572,3.515848,1.053753,-0.532284,31.32,0.108105,0.298432,1.696468,3.087907,4.178795,2.512,1,2
0.827892,0.245426,1.005927,65.931033,1.054167,-0.001632,16.5,-0.776375,-3.81651,0.577444,0.936514,-2.075217,2.53,1,5
0.459226,0.126147,0.382458,9.179381,1.054167,-0.106596,31.32,0.104283,0.033758,0.395678,0.491148,6.299127,0.243,0,0
0.49436,0.032228,0.238044,27.39429,0.994204,-0.1544,19.01,0.072246,-7.465166,3.560688,3.71219,17.474166,0.07,0,0
0.662692,0.332071,0.628236,3.056416,2.626516,-1.944216,31.32,0.00313,0.051418,0.317397,0.614927,0.912141,2.552,1,1
0.640005,0.897981,1.566864,2.616403,3.271992,0.013331,8.89,-0.762504,-1.808739,0.210333,0.33363,1.167149,2.943,1,2
1.576374,0.512572,0.894386,5.073758,1.054167,-0.017801,31.32,-1.736838,-2.000336,0.314343,1.089915,-5.315898,2.634,1,3
0.896207,0.446997,0.627717,0.718204,5.361734,0.072289,31.32,0.002792,-0.216068,0.509153,0.979868,-0.487882,2.71,1,2
0.460479,0.366671,0.482266,3.278479,4.761982,0.013461,31.32,-0.027965,-0.268804,0.097126,0.338789,1.341815,2.675,1,4
0.54674,0.20988,0.49871,1.14487,1.91158,-0.728186,31.32,-0.000897,-0.058035,0.912042,1.30132,1.242777,2.467,1,4
0.561185,0.238689,0.770847,2.704968,0.943602,-0.035516,10.63,0.01898,-0.067586,1.339958,2.713418,2.384083,2.757,1,1
0.064856,0.014591,0.080235,1.192306,0.986228,0.259123,31.32,0.332442,0.271722,0.649089,1.38989,11.625061,0.032,0,0
0.715124,0.482798,0.689326,3.898146,4.759614,0.047897,14.77,0.018629,0.124404,0.822808,1.072053,2.261547,0.006,0,0
1.066743,1.565062,1.821108,13.551019,1.054167,-0.008615,31.32,-0.688982,-3.035418,0.252806,0.807912,-3.793071,3,1,5
0.847781,0.62346,0.790439,1.73473,1.054167,0.000522,31.32,-1.17925,-0.122036,0.013917,0.017841,-0.134216,2.811,1,9
0.345989,0.129037,1.030045,4.799297,2.274446,0.04809,39.06,-1.086074,-0.12222,0.199624,0.395789,3.330578,2.481,1,2
0.455134,0.36081,0.557627,2.381393,6.918361,-0.0005,18.79,-0.096529,0.048974,0.661405,1.170246,2.112722,0.003,0,0
0.527288,0.380895,0.565402,4.1358,1.118213,-0.08401,31.32,0.246732,0.155065,0.409061,1.054745,2.773531,0,0,0
0.400212,0.193949,0.395497,1.279264,1.089496,-0.007186,31.32,-0.061749,0.172059,1.042753,1.899894,2.2826,2.396,1,2
0.644215,0.167982,0.63386,2.258804,1.130747,-0.221366,31.32,0.052638,0.115606,0.688435,0.848366,1.577764,0.055,0,0
0.899636,0.189672,0.857019,0.502142,1.706532,0.500541,31.32,-0.161623,0.05712,0.127395,0.140188,0.132381,0.243,0,0
0.367306,0.085798,0.39444,3.783571,1.27968,-1.09937,15.81,0.050124,0.023891,0.501551,0.894853,3.247242,2.496,1,1
1.484092,0.677241,0.978329,36.960021,1.054167,-0.491642,31.32,-0.354557,-1.076818,0.614475,3.414971,-3.721464,0.221,0,0
0.380253,0.427687,0.538897,1.612943,1.368462,-2.374634,37.5,-0.391368,0.064122,0.136837,0.868299,2.023544,0.049,0,0
0.441462,0.332886,0.600173,2.714836,1.117464,-0.501641,31.32,0.27784,-0.141279,0.635693,1.300039,2.773486,2.616,1,9
0.939703,0.50915,0.899144,37.868288,1.054167,0.01086,10.53,-0.508891,-1.235698,0.302273,0.842059,0.291014,2.594,1,5
0.405033,0.315838,0.610585,13.641483,1.022038,0.179997,31.32,0.446732,-0.168931,0.909069,1.447386,8.335908,0.207,0,0
0.644317,0.10871,0.574467,7.905838,1.054167,-0.163849,17.41,0.022853,-0.317113,0.383843,0.519836,1.492165,0.003,0,0
0.592708,0.648488,0.975342,4.115419,1.175092,-0.069514,28.96,0.103124,0.121483,0.561723,1.328226,2.429873,0.051,0,0
0.504771,0.105979,0.449577,3.133243,1.052517,-0.118804,31.32,0.088481,0.146966,0.864539,1.100642,2.665536,0.078,0,0
0.5462,0.329673,0.527388,1.345095,1.313899,-2.601351,28.41,0.049038,0.166339,0.556128,1.310873,1.427747,0.173,0,0
0.552753,0.009208,0.665372,21.958342,0.998731,-0.221417,20.51,0.64336,-7.615632,1.219235,1.368995,-0.593596,2.611,1,2
0.186052,0.021869,0.261944,2.492197,1.003522,0.000807,31.48,0.289739,0.513096,0.549831,1.306419,5.206195,0.107,0,0
0.419373,0.292446,0.425261,0.621861,21.410347,-0.071345,31.32,0.006304,0.14557,0.131429,0.550038,0.870696,2.558,1,2
0.669429,0.127468,0.60043,3.112325,1.149138,-0.33645,31.32,-0.003168,-0.272773,0.612015,1.140691,0.764462,2.85,1,4
0.139648,0.076365,0.140478,4.912441,0.850657,0.000718,31.32,-0.000171,0.115162,0.778592,1.182557,18.59561,2.598,1,10
0.884568,0.612749,0.912621,99.926987,1.054167,-0.242226,31.32,-0.38679,-0.330392,0.209543,0.552048,-0.414129,2.496,1,1
0.600521,0.410995,0.677079,1.816439,1.41303,-0.80185,31.32,0.02213,0.219871,2.20587,3.823368,3.554665,2.467,1,2
0.731556,0.011681,0.957622,38.756965,1.000283,0.137755,31.32,-0.62735,-3.962323,1.05668,1.503703,-1.641998,2.57,1,2
0.719595,0.453771,0.698232,1.161508,1.054167,-0.072392,21.13,-0.019,-0.090684,0.512158,0.931698,0.144429,2.583,1,9
0.587759,0.519151,0.664008,1.547129,1.655988,-0.059946,44.48,0.011629,0.20487,2.51823,3.469487,3.801785,2.439,1,2
0.535887,0.243529,0.631284,1.790651,19.583624,0.074221,31.32,-0.03213,0.071369,0.512782,0.848091,1.532725,0.133,0,0
0.294751,0.245648,0.376377,7.121625,1.005314,-0.934289,9.76,1.198271,0.344644,0.653215,1.004452,5.891012,2.711,1,3
0.357496,0.044453,0.372947,2.381633,0.998789,-0.299854,18.06,0.036359,0.249826,0.541676,0.798856,3.21767,0.073,0,0
0.814169,0.493296,0.826592,0.713091,4.384848,0.134594,31.32,-0.009236,-0.076785,0.311255,3.326634,-0.420312,0.015,0,0
0.43325,0.037082,0.429073,1.52839,1.011455,-0.114595,11.42,0.150699,0.045603,0.3938,0.585764,1.661918,2.575,1,2
0.348454,0.2181,0.472667,2.872237,1.035452,-0.202967,23.78,0.296111,0.384597,0.787803,1.965379,3.977006,2.464,1,2
0.306327,0.007157,0.255772,7.696325,6.38934,-1.367928,31.32,0.103166,0.236519,0.454361,0.618661,8.076454,0.227,0,0
0.249763,0.143793,0.240346,0.462853,1.077822,0.754068,28.25,0.433502,0.413606,0.384632,0.592779,5.009871,0.053,0,0
0.366435,0.061185,0.330598,2.036524,17.370369,-0.135532,31.32,0.059505,0.150885,0.333108,0.452846,2.582956,3.333,1,1
0.338809,0.406546,0.720413,4.192867,12.821338,-0.357297,11.24,-0.040684,-0.038325,1.047571,1.568042,5.069866,0.003,0,0
0.583444,0.260581,0.57268,2.045002,1.026259,0.046587,37.48,0.017078,0.103394,0.57612,0.854453,1.662163,0.009,0,0
0.490326,0.257047,0.573318,2.664499,1.054167,-0.002832,29.66,-0.218685,0.157086,0.589856,0.851707,2.184461,2.453,1,3
0.564894,0.364258,0.567095,3.281013,1.777702,0.034057,31.32,0.027577,-0.050622,0.564398,1.195253,1.492105,3.021,1,2
0.227015,0.13694,0.262897,2.873825,1.057473,-0.475228,31.32,-0.191243,-0.096524,0.576479,1.034033,5.046499,2.411,1,2
0.474706,0.349518,0.484457,2.504243,1.054167,-0.563942,43.68,0.026749,0.240887,0.888461,2.829396,3.147703,2.616,1,1
0.6042,0.134577,0.675771,1.760921,0.910728,0.021888,31.32,-0.071016,0.059362,1.110072,1.325168,2.107145,0.249,0,0
0.897298,0.481359,0.889709,3.245415,1.054167,0.021183,31.32,-0.381136,-0.598428,0.854915,1.73987,-0.127397,3.103,1,7
0.851505,0.365889,0.778119,0.668859,1.054167,-0.054993,31.32,-0.117384,0.013875,0.082731,0.150467,-0.387669,2.812,1,10
0.428746,0.022715,0.267845,8.2405,0.808041,-0.080202,21,-4.171524,-0.96074,0.600342,0.748977,8.016615,0.071,0,0
0.632581,0.340301,0.687162,1.362239,1.054167,-0.185906,31.32,-0.137623,-0.044941,0.158549,0.208329,0.318239,2.465,1,2
0.671465,0.508281,0.65506,2.598729,1.338324,-0.219132,31.32,-0.151506,-0.064312,0.490427,1.286779,0.924022,2.637,1,7
0.309726,0.17385,0.293073,2.49765,1.193295,-0.151059,24.34,0.01988,0.12419,0.886246,1.594076,4.146694,0.222,0,0
0.310399,0.014231,0.268157,1.828504,0.940941,-0.235092,31.32,-0.087322,0.115197,0.368522,0.46579,2.79134,2.388,1,3
0.759247,0.586041,0.759029,2.013107,1.054167,0.037455,31.32,-0.962856,-0.672845,0.203824,1.036592,-1.41806,2.56,1,3
0.336498,0.128453,0.276582,2.466258,1.034883,0.149743,31.32,0.720895,0.452399,0.177651,0.803743,3.514051,2.43,1,1
0.503907,0.083015,0.485688,1.682881,1.054167,-0.050856,31.32,0.023469,0.051804,0.425555,0.55117,1.517346,2.428,1,1
0.137402,0.053317,0.186648,7.906154,0.999179,0.015859,34.39,0.159272,0.222895,0.517168,0.909786,15.679908,0.159,0,0
0.131457,0.165483,0.258512,3.331084,0.98335,0.009218,5.39,0.023725,-2.222868,0.630499,2.289603,6.906853,2.477,1,6
0.506696,0.373204,0.500805,0.920517,2.621935,0.021483,31.32,-0.248128,0.035864,0.383537,0.646651,1.380012,2.499,1,4
0.326795,0.645866,1.016263,2.616403,1.054167,-0.006158,31.32,-1.543341,-0.087015,0.072168,0.110566,1.8805,2.468,1,4
0.8023,0.711774,0.765684,8.933341,1.054167,-0.021418,31.32,-0.493806,-1.147998,0.245101,0.37164,0.346157,2.607,1,4
0.465262,0.119107,0.593434,2.125648,1.506296,-0.08405,28.18,-0.007022,-0.050102,1.359857,2.845753,3.255081,0,0,0
0.335208,0.308501,0.484891,1.257908,1.047857,0.689502,31.32,-0.09774,0.209415,0.308739,1.108008,1.566168,2.641,1,1
0.681316,0.489428,0.741607,3.752675,2.228471,-0.015463,31.32,0.010625,-0.394073,0.423388,0.69341,0.609098,2.717,1,1
0.594735,0.439076,0.660683,1.404971,1.268749,0.471482,31.32,0.046914,0.183722,1.317799,4.182503,2.034303,0.087,0,0
0.423406,0.274399,0.431401,1.859615,1.14094,-0.609393,31.32,0.029397,0.107433,0.711512,0.853729,3.197489,2.548,1,1
0.587612,0.239047,0.574972,1.71999,1.054167,-0.050189,31.32,-0.093242,-0.089556,0.733929,1.730386,0.925877,2.424,1,2
0.514234,0.320887,0.538985,1.814943,1.086975,-0.153885,31.32,0.084569,0.24656,1.027999,3.271303,2.19357,3.092,1,1
0.585315,0.314413,0.638659,2.03802,1.250515,0.02208,31.32,-0.012703,-0.054566,0.545452,1.334384,0.73643,2.914,1,7
0.486416,0.006265,0.349559,10.379436,1.054167,0.016756,31.32,-1.249692,-2.998828,0.379934,0.433544,6.505301,0.101,0,0
0.420268,0.291403,0.388341,3.508287,1.251461,-0.004113,31.32,0.050292,0.368796,0.513479,0.926773,3.246654,2.687,1,2
0.500382,0.275564,0.509634,1.529,2.874761,0.042566,10.06,-0.008515,-0.33864,0.4822,1.053225,0.986537,2.818,1,2
0.457454,0.302346,0.463798,1.271849,1.093278,0.203115,19.64,0.021699,0.325262,0.586861,1.025355,2.260687,0.102,0,0
0.762721,0.309968,0.790741,1.362698,1.054167,-0.040045,31.32,-0.1918,-0.038425,0.228037,0.391495,0.162502,2.494,1,4
0.078504,0.009597,0.116168,2.116619,1.001074,26.173714,31.32,2.957504,0.76987,1.210979,1.994347,14.178367,2.577,1,3
0.432073,0.271204,0.415495,1.320563,1.054167,0.016479,31.32,-0.419853,-0.01386,0.110452,0.20152,0.73079,2.369,1,7
0.408707,0.350139,0.510018,3.756678,1.110202,-0.169759,14.46,0.167499,0.20654,0.450347,1.131558,2.585678,2.388,1,1
0.235414,0.071735,0.348725,1.847261,0.994307,-0.054532,31.32,-0.225008,0.014051,0.345991,0.612898,6.017398,2.88,1,2
0.429537,0.035019,0.381506,1.368009,0.825899,-0.140766,12.9,0.060842,0.2558,0.544071,0.943812,2.346569,0.088,0,0
0.382689,0.202868,0.386462,7.137097,1.009822,-1.156022,20.01,1.040691,0.367288,0.528329,1.308342,4.407664,2.496,1,1
0.77431,0.419397,0.744518,2.234877,1.054167,0.183604,31.32,-0.060619,-0.152197,0.740007,1.612758,0.461595,2.736,1,2
0.35395,0.049181,0.383608,0.962982,1.091157,0.129396,24.68,0.038956,0.347743,0.848402,1.265601,2.722294,2.553,1,3
0.517885,0.419096,0.583482,1.236297,1.346364,-0.199496,20.49,0.090305,0.172763,0.523274,1.584929,1.372408,2.499,1,2
0.603561,0.228156,0.605545,1.652027,1.284422,0.464277,20,0.100137,0.082489,0.499221,0.750869,1.260491,2.558,1,2
0.491454,0.246208,0.526718,1.24739,1.054167,0.078162,31.32,-0.321215,-0.083371,0.621403,1.50593,0.811925,2.713,1,3
0.624493,0.500822,0.656269,2.667794,1.374258,0.208329,31.32,-0.148434,-0.024667,0.554136,0.854685,1.574583,2.419,1,3
0.33163,0.214714,0.274722,3.874724,1.054167,-0.045491,31.32,-0.680005,-3.687723,0.270534,0.863105,0.976945,0.078,0,0
0.253507,0.147009,0.243724,2.848423,1.054167,-0.119466,31.32,-0.034303,-0.600334,0.153465,0.559877,2.011762,3.115,1,6
1.380407,0.754325,0.965923,21.451373,1.054167,-0.02397,31.32,-0.600809,-1.353683,0.359406,0.78033,-3.440389,2.486,1,10
1.202299,0.000514,0.937409,0.640757,1.054167,-0.009971,31.32,-1.879247,-0.377107,0.087657,0.093514,-1.538763,0.154,0,0
0.391332,0.344309,0.575498,4.12651,1.911342,-0.03278,26.9,0.02347,-0.066544,0.292086,0.760163,4.153532,2.78,1,1
0.038427,0.110448,0.142073,3.495671,0.964917,0.079516,31.32,0.003667,0.244986,0.280274,0.409038,42.72174,2.373,1,5
0.213652,0.017811,0.237954,2.109077,0.98686,0.239311,31.32,0.564731,0.413007,0.644953,0.943745,8.645506,0.015,0,0
0.823572,0.680879,1.217166,13.384652,1.024252,0.02973,31.32,-0.02908,-0.183163,0.492757,2.847722,1.435023,2.495,1,2
0.533236,0.072686,0.315305,5.711468,2.31318,-0.010607,31.32,-0.337148,-0.654945,0.285633,0.659002,2.987661,2.718,1,2
0.41872,0.144126,0.416478,4.349641,1.002034,-0.353118,31.32,-0.284143,-0.715028,0.454215,0.838091,1.879474,2.495,1,4
0.741832,0.200288,0.738842,4.035232,0.779532,-0.778564,39.01,0.069382,0.136429,0.460325,0.674632,1.352305,0.068,0,0
0.900047,0.621756,0.935015,3.221517,9.018364,-0.036852,31.32,-0.398355,-0.517897,0.266743,0.65251,-0.487903,2.552,1,5
0.373352,0.125973,0.488828,1.274055,1.040941,-0.098757,31.32,0.05902,0.408494,0.961848,1.739298,3.276649,2.739,1,1
0.905895,0.46964,0.897345,6.772885,2.721338,0.025704,31.32,-0.355426,-0.364771,0.457004,0.895548,0.24434,2.556,1,1
0.29602,0.106462,0.312585,1.431975,1.07241,0.07145,31.32,0.007052,0.147345,0.299429,0.628987,1.888367,2.538,1,3
0.331525,0.095288,0.275867,0.8645,0.902245,0.396215,31.32,0.06089,0.169384,0.786833,0.963545,2.783902,2.456,1,1
0.136274,0.078221,0.107894,1.697944,1.220755,-0.199216,31.32,0.425185,0.450008,0.124944,0.688863,10.567608,2.657,1,3
0.198856,0.147933,0.182077,0.812995,-1.961421,-0.049421,31.32,0.025283,0.428988,0.267789,0.517681,3.032822,0,0,0
0.53463,0.151455,0.510381,2.680143,1.157489,0.503649,31.32,0.051915,0.200728,1.242253,1.676786,2.594459,2.894,1,2
0.542143,0.214112,0.564803,1.34912,1.054167,0.02175,31.32,-0.012683,-0.194867,0.301175,0.59209,0.339537,2.625,1,8
0.576048,0.168263,0.535026,1.922113,0.798064,-0.104763,45.86,-0.003762,0.14267,0.699195,1.142797,1.870109,0.117,0,0
0.523184,0.357022,0.600186,0.556329,1.378716,-0.213968,31.32,0.032221,0.191561,0.952826,1.776875,2.611352,0.151,0,0
0.239048,0.166516,0.352409,1.495936,1.286889,-0.048384,31.32,0.200522,0.111444,0.344477,1.502126,1.703858,2.444,1,1
0.902846,0.347505,0.943557,0.408676,1.054167,7.908491,31.32,-0.361122,-0.069229,0.601042,7.764606,0.966831,2.613,1,2
0.446547,0.126734,0.468842,1.236847,2.014021,-0.013523,31.32,0.055734,0.267928,0.691833,1.050553,2.119415,2.527,1,4
0.384634,0.480447,0.585466,4.903987,1.054167,-0.189947,13.52,-0.022195,-0.059152,0.33669,0.670934,2.528743,2.573,1,1
0.105709,0.03227,0.100027,4.514467,0.219972,-0.069928,31.32,0.667916,0.112094,0.126891,0.163254,19.872017,2.647,1,2
0.316969,0.241587,0.324645,4.523233,1.054165,-0.043349,31.32,0.274125,0.426498,0.561614,1.428616,6.040233,0.059,0,0
0.845735,0.100052,1.010526,591.530961,1.108201,-0.037968,18.64,-0.167035,-2.004961,0.707638,0.829692,2.322745,2.45,1,6
0.239228,0.099008,0.259721,1.440483,1.007693,0.016803,29.86,0.074224,0.213365,0.539961,1.045998,2.944486,2.442,1,1
0.079997,0.070332,0.231002,1.070804,0.86811,-0.211116,31.32,-0.761945,-0.740486,0.189234,0.339973,5.36112,2.582,1,4
0.636576,0.2691,0.993833,3.262686,1.054167,-0.213571,31.32,0.087555,-0.92368,1.818562,3.418383,2.446262,2.666,1,11
0.95012,0.355759,1.202886,13.906022,1.054167,0.045061,31.32,-0.021705,-0.092093,0.344203,0.513732,0.415274,2.796,1,4
0.624895,0.466456,0.606606,3.265957,1.070269,0.432847,31.32,0.312483,0.226314,0.656978,3.156609,2.147673,2.483,1,5
0.620454,0.525473,0.619535,6.690893,1.054167,0.035172,31.32,-0.137896,-0.490011,0.807608,1.570066,2.015897,2.733,1,7
0.514169,0.317022,0.556617,6.629881,1.024096,-1.043158,22.74,-0.14588,0.113889,0.454726,0.759017,3.581106,2.505,1,2
0.729706,0.200933,0.801968,11.463062,1.431736,0.012716,48.05,0.067651,-0.251766,1.189845,1.591714,2.070101,2.393,1,5
0.424111,0.284753,0.529835,2.173601,1.873019,0.221552,31.32,0.020007,0.068375,0.64024,1.168038,2.109167,0.048,0,0
0.461731,0.364899,0.438485,1.671854,1.36241,-0.038216,31.32,0.051956,0.150809,0.471128,1.215395,1.931231,0,0,0
0.572707,0.435126,0.605948,2.584205,1.410134,-0.104364,31.32,0.021012,0.081257,1.229269,1.525374,2.909755,2.61,1,2
0.362316,0.283764,0.393229,4.389723,1.054167,-0.137218,31.32,-0.095051,-0.287362,0.30159,1.08859,5.212721,0.095,0,0
0.910739,0.215424,0.879611,4.550544,1.054167,-1.229933,31.32,0.001333,-0.190724,0.781452,1.937807,-0.334918,0.028,0,0
0.543553,0.374572,0.654998,5.992249,1.054167,-1.121897,31.32,-0.072975,0.25781,0.646944,1.994719,2.217427,2.532,1,3
0.790526,0.245794,0.752618,1.219769,1.054167,-0.03031,31.32,-0.004519,0.013093,0.149188,0.231642,0.013067,2.946,1,2
0.198163,0.096407,0.247222,2.222656,1.177534,-0.02425,10.36,0.012023,0.30882,0.607983,1.821023,4.941481,2.405,1,2
0.560779,0.433489,0.602906,3.155689,1.695889,0.417667,31.32,-0.06339,0.161299,2.020315,3.608936,3.798394,2.616,1,1
0.195471,0.06671,0.162953,8.467577,1.029274,-0.110049,24.52,0.150273,0.382411,0.432162,0.907033,24.823585,0.157,0,0
0.343831,0.353462,0.466992,5.968601,1.007503,-1.494408,31.32,0.678598,0.402299,0.700306,1.290231,7.09258,2.757,1,2
1.352938,0.402717,0.987991,17.589358,1.054167,0.001515,31.32,-0.858261,-1.731252,0.225177,0.239856,-3.22116,2.84,1,5
0.75459,0.37945,0.900748,2.528397,2.976197,-0.090285,31.32,-0.145503,0.080819,0.514013,1.178668,0.591122,2.805,1,11
0.349682,0.155784,0.352765,2.498848,1.065084,-0.116471,31.32,0.142601,0.363704,1.222659,3.434851,4.144377,2.88,1,5
0.627658,0.313441,0.668271,1.752918,1.481502,-0.063358,31.32,0.037023,0.127227,0.883389,1.775331,1.789,0.018,0,0
0.333751,0.03843,0.332879,2.997448,1.005802,0.852897,20.51,0.794309,0.236008,0.526628,1.121323,3.236269,2.811,1,10
0.430367,0.017418,0.498838,5.825671,4.872748,0.001931,15.34,-0.196012,-2.355961,0.716706,1.025313,2.372398,2.574,1,3
0.537262,0.26475,0.541749,1.692713,1.139506,-0.366995,31.32,0.07685,0.237912,1.051229,1.589587,2.357533,0.591,0,0
0.335246,0.007214,0.308593,3.3591,2.497109,-0.173235,31.32,0.009325,0.340148,0.595042,0.768158,5.176069,2.931,1,3
0.484762,0.485743,0.543316,0.987939,1.902964,-0.158393,27.03,0.015806,0.14819,0.299929,0.648788,1.538546,2.628,1,1
0.545586,0.408761,0.676781,3.750342,1.379853,0.091965,31.32,0.15243,0.262916,0.490967,0.744464,2.425243,2.433,1,3
1.179785,0.275107,1.102832,2.616403,1.054167,0.309196,31.32,-0.601064,-0.511166,0.558522,0.697838,-0.57661,2.577,1,3
0.55989,0.060131,0.297661,3.466491,1.075167,-0.677911,31.78,0.014003,0.142303,0.874104,1.190042,3.77236,3.016,1,1
0.641053,0.392766,0.674049,0.946947,1.054167,-1.326138,31.32,-0.023523,0.005098,0.520579,0.97872,0.317258,0.015,0,0
0.267463,0.149377,0.298652,5.01956,0.368189,0.015421,31.32,-0.723762,0.157941,0.310674,0.445418,5.979109,2.645,1,4
0.230053,0.015669,0.119475,5.278629,1.054167,0.179558,31.32,0.098862,0.074762,0.196436,0.246254,7.968113,2.824,1,3
0.077539,0.059967,0.085258,2.073243,1.054167,-0.044548,31.32,-0.003963,0.304144,0.228814,0.350493,21.714732,0.003,0,0
0.609192,0.386212,0.604678,1.357303,1.054167,-0.82664,31.32,0.022276,0.147531,0.542702,0.661413,1.521475,0.138,0,0
0.290229,0.066886,0.354129,2.894646,1.009102,-0.212343,31.32,0.0506,0.369438,0.82194,1.768779,4.341921,0.006,0,0
0.916144,0,0.915216,0.758276,1.054167,-1.326883,8.18,0.0823155,0.041493,0.021154,0.9002815,2.902406,0.273,0,0
0.622883,0.64146,0.736411,5.25137,1.054167,-1.210422,31.32,-0.056787,0.082742,1.065422,4.046528,2.084195,2.509,1,2
0.605234,0.214728,0.46779,3.339179,1.117322,-0.220592,27.82,0.17115,0.191964,0.496526,0.918563,3.166278,2.541,1,2
0.638257,0.11228,0.647235,1.789851,1.231257,-0.4906,22.67,0.033119,0.149015,1.146185,1.675146,1.815764,0.462,0,0
0.532313,0.30315,0.610077,8.207372,1.040778,0.194532,37.6,0.063904,0.287035,1.178745,2.74799,7.70657,0.422,0,0
0.509214,0.284209,0.502118,6.242913,0.903826,0.228717,31.32,0.139113,0.284317,0.504609,0.65744,2.741735,0.037,0,0
0.426254,0.226913,0.448695,1.629776,0.988092,0.335076,49.68,0.090118,0.203716,0.558229,0.961966,4.373341,0.006,0,0
0.422688,0.140212,0.532019,4.253974,1.021288,0.136435,40.59,0.087539,0.302625,1.832642,2.200797,5.49243,0.066,0,0
0.505806,0.439934,0.504514,1.677858,1.14128,1.319031,31.32,0.139136,0.341105,0.656327,0.801857,2.208609,0.098,0,0
0.67678,0.507308,0.62255,2.186368,1.063523,-1.385044,21.24,0.02431,0.154443,0.496523,1.118169,1.346552,2.588,1,2
0.615635,0.228374,0.641806,2.41114,1.112289,-0.845146,38.14,-0.012841,0.143253,0.803476,1.24865,1.841023,0.015,0,0
0.207034,0.025904,0.192907,2.768921,0.607383,-0.548756,26.5,-0.090568,0.462869,0.221827,0.287504,8.77695,0.133,0,0
0.349643,0.226433,0.361244,4.581705,1.060395,-0.000151,31.32,0.163682,0.166749,0.53283,1.360615,4.300119,2.55,1,1
0.230048,0.045442,0.283495,1.351259,1.143606,-2.432443,31.32,0.047206,0.299745,0.966455,1.379665,4.75939,0.003,0,0
0.266891,0.057091,0.227373,2.706684,0.988767,0.404504,31.32,0.077199,0.274466,0.690882,0.907413,5.731271,2.808,1,3
0.502207,0.088986,0.497944,2.520578,1.014417,0.139294,31.32,0.052463,0.259928,0.525503,0.720515,2.589855,0.101,0,0
0.255991,0.128366,0.345892,4.019643,1.00904,-1.443159,31.88,0.183054,0.353375,0.57117,0.686588,5.643972,0.006,0,0
0.837318,0,0.861577,3.482409,1.054167,-0.563733,75.57,0.0823155,0.092459,0.12966,0.9002815,2.902406,2.42,1,3
0.089035,0.041314,0.137373,1.741654,0.882536,0.182529,31.32,0.096109,0.281743,0.512233,0.745227,8.756834,0.006,0,0
0.202178,0.024212,0.212914,2.189801,1.119871,-0.932619,31.32,0.196128,0.318405,0.237319,0.334171,4.678833,0,0,0
0.436131,0.055697,0.461439,1.675578,3.301353,-0.494628,31.32,-0.013595,0.298089,0.543093,1.075873,1.653484,0.007,0,0
0.670934,0.320508,0.685281,3.219223,1.054167,-1.115696,32.03,0.014163,0.088498,0.528543,0.819293,1.482735,2.483,1,3
0.331381,0.356176,0.520025,3.059899,1.043049,0.00619,31.32,0.232927,0.418818,0.433321,0.987021,4.388323,2.052,1,7
0.109821,0.065004,0.154607,2.029047,0.979489,-0.054903,31.32,-0.819017,-0.552459,0.161481,0.221746,7.507991,2.644,1,2
1.297101,0.420029,1.268568,54.509351,1.054167,-0.082323,31.32,-0.496012,-1.818305,0.425311,0.88082,-3.17638,2.526,1,2
0.941213,0.7324,0.97849,57.24942,1.763297,0.049336,31.32,-0.161341,-1.552384,0.877394,2.009128,0.511729,2.508,1,4
0.603526,0.275132,0.599888,8.36936,1.153969,-1.49867,32.08,0.136273,0.130026,0.434061,0.984992,2.745412,2.444,1,1
0.463104,0.283033,0.470193,1.734625,1.3669,-0.07249,31.32,0.051967,0.198911,0.245538,0.361489,1.686304,2.766,1,2
0.758554,0.106475,0.882494,28.271085,2.397226,0.187737,31.32,0.03455,-0.306847,1.66546,2.028744,2.303072,3.195,1,4
0.723731,0.414892,0.677795,3.969612,1.054167,-0.018134,31.32,-0.379311,-0.596565,0.076725,0.281627,-0.373971,2.574,1,2
0.875983,0.008315,0.822377,25.589567,1.008314,0.131874,31.32,0.113083,-4.192997,1.037008,1.130753,0.046879,2.656,1,2
0.636676,0.342517,0.652876,4.301464,2.155877,-0.023933,31.32,-0.065111,-0.805781,1.196709,2.068751,1.335804,2.85,1,1
0.359499,0.014084,0.393077,3.233582,0.740882,-1.538443,10.32,0.204949,0.161461,0.362917,0.528973,3.74037,0.006,0,0
0.571188,0.598067,0.80768,1.911167,1.054167,-0.00745,31.32,-0.377571,0.140311,0.370917,2.911722,0.798489,2.471,1,2
0.590781,0.384925,0.669902,1.883519,2.441116,0.155821,31.32,-0.336751,-0.467818,0.197381,0.359382,0.615536,2.398,1,10
0.457419,0.395577,0.505621,1.607497,2.25557,0.548645,8.65,0.018822,0.178506,0.871285,1.228214,2.170542,0,0,0
0.351918,0.11351,0.358721,2.347544,1.159602,-0.12131,31.32,-2.289105,-1.52038,0.44202,0.679883,0.750073,3.053,1,5
0.432391,0.2071,0.406051,10.996692,1.18909,0.029208,31.32,-0.160915,-0.031231,0.288486,1.141764,7.507181,2.651,1,4
0.209554,0.077451,0.272077,2.0339,1.104875,-0.075131,15.2,0.053314,-0.05814,0.13487,0.291017,3.748904,2.84,1,2
0.606379,0.290584,0.51344,4.50936,1.628658,0.053732,31.32,-0.360868,-0.663443,0.787924,1.664549,1.624229,2.663,1,5
0.255815,0.270412,0.418993,4.855322,15.182904,-0.010527,31.32,0.072349,-0.134511,0.278235,0.380809,7.025415,0.06,0,0
0.199614,0.085773,0.177144,1.771487,1.015535,-0.105549,31.32,0.106564,0.265869,0.255102,0.580675,3.419743,2.527,1,2
0.685253,0.449665,0.64682,2.084246,1.122721,-0.169045,31.32,-0.097695,0.023464,0.733737,1.217565,1.905735,2.525,1,6
0.594688,0.529527,0.835183,0.857782,3.561188,-0.158311,33.04,0.103556,0.171554,0.119612,0.367919,0.598973,2.239,1,5
0.837128,0.395223,1.01123,51.187593,1.057873,0.016008,31.32,0.250532,-0.781079,1.033653,1.261437,2.574512,2.708,1,1
0.505468,0.157034,0.446354,1.935543,1.054167,-0.082374,29.48,-0.011532,0.236685,0.566152,1.285766,1.529807,2.505,1,4
0.529496,0.192283,0.402265,6.680844,1.156633,-0.288566,3.73,0.223769,-0.37161,0.322538,0.545144,2.489554,2.416,1,2
0.635161,0.487223,0.612775,2.342702,1.741788,-0.236044,31.32,-0.54989,-0.239721,0.303921,0.574044,0.413316,2.818,1,5
0.219056,0.135004,0.179073,4.131611,1.054167,-0.354788,31.32,-0.859189,-0.428315,0.231011,0.483297,3.42449,2.61,1,2
0.476465,0.396239,0.830898,5.231861,1.142767,-0.579115,31.32,0.138598,-0.251062,0.514505,0.904937,2.244842,2.416,1,1
0.49687,0.443606,0.570704,2.175455,10.87741,-0.036275,17.86,-0.454475,-0.282834,0.303595,0.496896,1.04372,0.006,0,0
1.28213,0.543443,1.313401,2.616403,1.054167,-0.009067,31.32,-1.83798,-0.633197,0.053277,0.364823,-2.121533,2.953,1,3
0.392271,0.237078,0.442987,2.406831,1.138848,-0.131155,31.32,0.156082,0.164786,0.375798,0.540351,2.35018,0.392,0,0
0.62837,0.300495,0.636375,1.333572,1.40591,-0.125792,45.14,0.032318,0.043248,0.735002,1.26384,1.372963,2.398,1,5
0.4211,0.253767,0.480905,2.827674,1.054167,-0.194892,31.32,0.048897,0.094185,0.226041,0.425704,1.15545,2.419,1,3
1.164836,1.078236,1.603988,2.616403,2.530168,0.004525,31.32,-0.529256,-0.96239,0.22002,0.905272,-1.685095,3.026,1,6
0.160572,0.036296,0.147553,1.684448,0.87579,-0.653131,31.32,0.342873,0.219118,0.400077,1.036547,7.801069,2.459,1,2
0.567586,0.468349,0.635002,1.891167,1.054167,0.325408,31.32,-0.298078,-0.09436,0.913219,1.379775,1.470131,2.608,1,3
0.271044,0.05414,0.279431,1.454138,0.899343,-0.210663,31.32,0.162289,0.202435,0.257908,0.315586,3.343284,2.561,1,2
0.350376,0.162018,0.490761,3.890266,1.040344,0.03708,39.69,-0.273063,-0.791084,0.570182,1.436162,3.361548,0.17,0,0
0.182511,0.036567,0.265521,3.610756,0.991134,-0.208087,41.79,0.34162,0.226866,0.597478,1.076274,8.245621,2.496,1,1
0.698687,0.371118,0.754959,1.846127,1.054167,0.405042,31.32,-0.227347,-0.042205,0.233836,1.291688,-0.09939,2.711,1,7
0.376039,0.600054,0.775993,3.441056,2.75173,-0.007558,31.32,-0.2066,0.16953,0.346919,1.036103,3.576001,2.85,1,1
0.523297,0.125554,0.520898,5.705055,1.41568,0.033464,21.12,-0.994572,-1.085327,0.22443,0.493487,1.701193,2.565,1,1
0.847522,0.120302,0.9762,28.595368,1.054167,0.009942,14.68,-1.269541,-1.41891,0.207353,0.417139,-1.395191,2.967,1,9
0.50299,0.278488,0.519412,2.599679,43.227535,-1.289517,27.83,0.011389,0.080814,0.445361,0.60916,2.171109,0.083,0,0
0.078919,0.060801,0.120828,3.312958,2.562634,-0.027525,31.32,-0.01967,-0.017175,0.473271,0.849985,18.290182,0.13,0,0
0.80956,0.112042,0.63675,8.702006,1.054167,-0.073011,31.32,-0.400012,-0.923899,0.647406,0.872775,-0.304099,2.601,1,1
0.428568,0.011631,0.548432,5.4217,0.994351,-0.083881,31.32,0.319691,0.22989,0.408869,0.485554,2.551501,0.095,0,0
0.790721,0.202718,0.827743,3.139865,1.947502,-0.208207,31.32,-0.293645,-0.303417,0.317591,0.42092,0.265923,2.592,1,5
0.586306,0.28144,0.583764,2.441501,1.008255,-0.00975,31.32,-0.062112,0.235276,0.700774,1.615767,1.990422,2.855,1,2
0.241595,0.123484,0.299248,3.861735,1.019357,-0.057518,31.32,0.184694,0.18598,0.496042,0.921213,5.1517,2.433,1,1
0.264968,0.17068,0.646185,2.184159,1.080235,0.296387,31.32,0.193105,0.012661,0.388905,1.735364,2.784429,2.495,1,12
0.328601,0.229247,0.358918,1.476684,0.967889,-0.022751,24,-0.279659,0.09519,0.412002,1.256695,1.860968,0.057,0,0
0.67262,0.418754,0.615406,2.906644,1.24845,0.014699,31.32,-0.210098,-0.010735,0.15444,0.59565,0.308096,0.003,0,0
0.640859,0.547939,0.623364,10.302618,1.054167,0.029578,31.32,-0.050186,-0.308292,0.195036,0.867045,2.598418,2.628,1,6
0.370777,0.103808,0.46966,2.65087,1.061956,-0.080204,11.96,0.052818,0.097369,0.473016,0.830824,3.597233,2.454,1,2
0.655045,0.419834,0.64903,3.050153,1.054167,-0.926186,31.32,-0.068622,0.189003,0.335423,0.754221,1.925057,2.757,1,6
0.54421,0.237149,0.563675,5.853063,1.700537,-0.227236,31.32,-0.088981,0.128106,0.545355,0.856529,2.550966,0,0,0
0.738747,0.318057,0.832891,8.085207,7.262113,-0.486816,31.32,-0.098407,0.051568,0.199391,0.321079,1.617636,0.187,0,0
0.930513,0.439186,0.888272,7.648635,1.054167,0.001055,31.32,-1.399502,-4.371406,0.952068,1.659377,-5.172025,2.516,1,4
0.414809,0.447013,0.504033,2.908473,1.733956,0.101814,31.32,0.311419,0.167594,0.192807,0.912438,2.034138,2.631,1,1
0.514227,0.179017,0.519953,3.016615,1.044032,-0.182581,31.32,0.065628,0.096506,0.746428,1.484317,2.330843,2.465,1,5
0.667258,0.150351,0.685605,3.118201,2.103164,0.124467,31.32,-0.114098,-0.392865,0.575942,0.717335,0.764397,2.486,1,1
0.312367,0.006402,0.330057,4.594507,1.054167,0.348176,31.32,-0.199571,0.246087,0.577657,0.903718,5.187951,0.018,0,0
0.713704,0.136584,0.794568,4.033021,1.185702,-0.422341,25.21,0.006442,0.053387,5.529005,5.792072,6.436264,2.417,1,2
0.533564,0.103169,0.5804,1.591071,1.151265,-0.260912,24.58,0.031194,0.191743,0.717857,1.096914,1.735914,2.705,1,3
0.031089,0.000348,0.039139,3.009545,0.912436,-0.497728,14.71,0.259975,0.331286,0.152968,0.211331,39.730827,2.545,1,2
0.26076,0.166497,0.264889,2.421533,3.222452,-0.712822,31.32,0.089221,0.163313,0.212742,0.56456,3.896774,0.093,0,0
0.884471,0.491739,0.786727,1.825343,1.054167,-0.12878,31.32,-0.177579,-0.096505,0.14493,0.189961,-0.090534,3.117,1,2
0.133156,0.041469,0.153036,3.845531,0.996822,-0.009716,31.32,0.083922,-1.014885,0.390392,0.604275,10.798526,2.487,1,1
0.08862,0.014189,0.083695,2.513545,0.936358,0.078502,31.32,-0.396775,0.376567,0.083252,0.205097,18.761013,0.278,0,0
0.642592,0.329467,0.58142,2.103334,4.429067,-0.205182,31.32,0.023795,0.050987,0.391499,0.673515,0.757404,0.119,0,0
0.344568,0.182548,0.377046,3.980296,1.341069,-0.098293,8.22,0.165451,0.299692,0.395415,0.717335,5.496879,0.61,0,0
0.556587,0.398113,0.611513,2.807634,1.243673,-0.375252,31.32,0.126858,0.159643,0.286315,1.065029,1.658269,2.763,1,2
0.373883,0.28948,0.473607,10.297932,1.140885,-0.154304,31.32,0.127152,0.193675,0.499193,1.129265,5.270777,2.249,1,2
0.973673,0.493342,0.94107,4.243321,1.054167,0.023856,31.32,-1.541679,-0.419362,0.073692,0.524882,-1.115681,2.555,1,6
0.854175,0.532931,0.879293,3.55363,1.054167,-0.128994,23.51,-0.0223,-0.119206,0.119808,0.37591,-0.167314,2.855,1,3
0.1374,0.065861,0.114208,1.800369,1.132577,-0.06573,31.32,-0.392125,0.330356,0.319442,0.89448,4.839173,2.903,1,1
0.951382,0.530418,0.898834,14.250999,7.906669,0.087654,31.32,0.073995,-3.318958,1.018369,1.542862,-2.915122,2.583,1,3
0.830367,0.465708,0.572276,1.827814,1.054167,-0.112412,31.32,-0.759813,-0.19521,0.050392,0.102768,-1.220221,2.647,1,3
0.482557,0.046291,0.501096,2.012931,1.024754,0.454629,31.32,0.212095,0.236395,0.37384,0.524435,1.84991,3.001,1,3
0.446245,0.15809,0.469468,1.093438,1.421042,-1.135019,23.08,0.144346,0.25106,0.336994,0.4266,1.718679,0.128,0,0
0.458256,0.027087,0.399378,3.443994,1.119655,-0.056802,31.32,-0.173719,-0.998294,0.372901,0.644777,0.662688,2.631,1,11
0.436063,0.155151,0.495759,3.366686,1.280448,-0.265682,31.32,-0.414246,-0.229685,0.461735,0.667243,2.564783,2.568,1,1
0.093157,0.010375,0.095202,2.172695,0.950681,-1.348645,29.28,0.204045,0.325636,0.343414,0.454228,14.294387,2.703,1,3
1.132744,0.518432,0.873248,3.741676,1.054167,-0.003963,31.32,-2.015095,-0.853825,0.020168,0.033942,-2.481468,2.732,1,12
0.441574,0.239354,0.56468,7.991941,1.180671,-0.016395,31.32,0.277851,-0.323429,0.390159,0.858783,4.482967,2.564,1,3
0.386873,0.102062,0.361598,1.595443,1.097601,0.139713,17.39,0.022268,0.013421,0.429964,0.733986,2.116554,0.027,0,0
0.716486,0.198616,0.947501,19.834412,1.054167,0.052373,31.32,-0.265571,-1.172479,0.22987,0.649026,0.892693,2.445,1,1
0.226741,0.051869,0.388966,2.816429,1.214821,0.411106,19.05,-0.298111,-1.01924,0.216283,0.495781,3.694425,2.73,1,4
0.405354,0.265475,1.100923,6.621948,1.41648,-0.08203,31.32,-0.570964,-0.045804,0.203667,0.698107,1.833959,2.985,1,4
0.400198,0.058762,0.408,1.57865,1.054167,-0.154268,31.32,-0.024884,-0.143575,0.400134,0.620368,1.384429,0.007,0,0
0.175094,0.151402,0.257062,2.14819,1.027801,-0.040718,31.32,0.25163,0.380814,0.341733,0.639436,6.508383,0.243,0,0
0.372664,0.009842,0.37931,4.98651,1.054167,-0.25335,31.32,0.005165,0.003791,0.527444,0.702723,3.413784,2.382,1,2
0.956469,0.964233,1.724653,2.616403,1.054167,0.046976,31.32,0.0823155,-2.339339,0.115964,0.171864,-3.086577,2.585,1,2
0.904562,0.487776,1.568369,2.616403,1.195674,-0.038451,31.32,-0.353366,-1.591037,0.76271,3.422953,-0.916459,0.052,0,0
0.944882,0.121745,0.891574,4.096927,1.57265,0.367319,31.32,0.004403,-0.197153,0.936564,1.182257,0.548391,2.755,1,2
0.326219,0.206179,0.384188,11.82242,1.006055,0.004302,31.32,0.575536,-0.640011,0.705535,1.07361,7.896699,2.631,1,3
0.301987,0.051611,0.230249,6.029354,1.054167,-0.026355,31.32,-0.085759,-0.854173,0.836629,1.121736,5.272553,2.465,1,9
0.599701,0.38239,0.653107,5.797657,4.866763,-0.199995,31.32,-0.04913,-0.331178,0.400297,0.672821,1.627562,2.587,1,2
0.688886,0.425231,0.553163,1.476482,1.054167,-0.085749,31.32,-0.500897,-0.448417,0.162927,0.451558,-0.036132,2.767,1,8
0.308683,0.204486,0.435656,4.901695,1.558245,-0.102282,31.32,0.048124,-0.779951,0.518372,0.634606,8.329141,0,0,0
0.231559,0.005136,0.179306,1.634517,0.875521,-0.539478,31.32,0.402675,0.544866,0.373056,0.529945,6.195218,0.032,0,0
0.349991,0.164349,0.305178,5.809548,1.054167,-0.231535,31.32,0.164552,-1.072142,0.632524,1.101495,4.721172,2.555,1,1
0.42758,0.125353,0.388625,2.59835,1.111024,0.123855,31.32,-0.024085,-0.152569,0.562146,0.691929,2.482678,0.118,0,0
0.800751,0.353916,0.88382,5.114129,1.054167,-0.133233,31.32,0.036115,-0.003771,0.171128,0.284681,0.62238,2.647,1,1
0.551764,0.650672,1.265751,2.616403,1.054167,-0.00757,31.32,-1.004637,-0.996016,0.239972,0.48167,-0.005529,3.172,1,3
0.511752,0.316046,0.536324,2.93119,1.34299,-0.073298,31.32,0.148647,0.26188,0.336853,0.587047,2.501856,2.947,1,2
0.320823,0.089295,0.31541,2.912984,1.540818,-1.086466,31.32,0.094061,0.288274,0.70208,1.134588,4.384278,0.095,0,0
0.507816,0.119421,0.46566,5.20818,1.434318,-0.674604,31.32,0.002507,0.112039,0.921862,1.097464,4.242913,0.145,0,0
0.72763,0.231205,0.689539,5.404359,0.959876,-0.474708,31.32,-0.047987,0.049695,0.563232,0.902147,1.439093,2.542,1,4
0.090973,0.014549,0.088208,4.50052,0.982061,0.01686,31.32,0.480425,0.411845,0.412418,0.551656,22.892623,2.77,1,2
0.558924,0.374443,0.573755,2.276683,1.054167,-0.19043,31.32,0.00802,-0.006891,0.528191,0.826923,1.201037,2.513,1,3
0.291381,0.431879,0.50486,3.621607,1.108021,-0.086445,31.32,0.459192,0.477653,0.327533,0.731126,4.256977,0.006,0,0
0.350417,0.101867,0.320421,2.920109,1.001686,0.121765,31.32,0.005672,-0.987563,0.297005,0.393179,1.482119,2.626,1,4
0.554553,0.219909,0.56817,2.795942,1.080866,-0.436206,29.3,0.19289,0.315035,0.676828,1.11628,3.16863,2.508,1,1
0.457093,0.044972,0.638214,3.801808,1.529978,-0.249906,31.32,-0.048996,-0.288,0.939927,1.294096,3.212808,0.012,0,0
0.290138,0.130192,0.28437,2.258534,1.185111,-0.321752,31.32,0.086311,0.167353,0.5486,1.148028,3.703577,2.433,1,2
0.787615,0.743933,1.164736,1.364737,1.054167,-0.360091,31.32,-0.29123,0.001197,0.185332,0.479093,0.079103,2.552,1,1
0.677802,0.429617,0.720194,4.408984,4.982237,-0.359827,31.32,-0.001942,0.107693,0.587768,0.909481,2.040302,2.631,1,3
0.603911,0.422529,0.637204,3.033,1.538146,-0.318931,31.32,-0.440069,0.073857,0.38751,0.600328,2.173028,2.604,1,3
0.420401,0.176855,0.446551,4.19685,1.063177,-0.695288,31.32,0.174254,0.088549,0.8816,1.422764,4.585941,2.544,1,4
0.433513,0.322249,0.491735,1.383107,0.624326,0.373212,31.32,0.005188,0.23869,0.596058,1.63217,2.084225,0.111,0,0
0.247249,0.03812,0.205852,1.913194,0.994622,-0.062766,31.32,0.093813,0.027844,0.406091,0.985362,4.565683,2.447,1,1
0.655982,0.212973,0.704848,7.174755,1.092735,-0.295721,31.32,0.037029,0.153184,0.748361,1.269267,3.320355,2.551,1,3
0.459238,0.037491,0.461301,2.512339,1.421809,-0.381444,31.32,0.073984,0.38239,0.356031,0.453678,2.945983,0.009,0,0
0.814875,0.211367,0.698068,8.942916,1.059499,0.477488,31.32,-0.055435,0.065702,0.169582,1.001219,0.652557,2.43,1,3
0.916379,0.296385,0.778686,12.143055,1.054167,0.015762,31.32,-2.507359,-2.128162,0.257419,0.438211,-2.0201,2.814,1,12
0.646228,0.025915,0.6068,3.184671,0.953068,0.030157,28.39,0.05421,0.110673,0.550913,0.678033,1.579986,2.588,1,2
0.37812,0.769264,1.062794,4.01366,1.093178,0.058155,31.32,0.590531,0.035693,0.261609,1.444299,2.852192,2.616,1,7
0.925185,0.545294,0.991763,6.085854,1.054167,-0.002747,31.32,-0.477849,-0.554844,1.026098,2.04407,-0.00118,2.556,1,4
0.277596,0.077411,0.238859,6.119897,0.99827,-0.396317,31.32,-0.248732,-2.09295,0.381145,0.449243,2.771864,2.493,1,4
0.719446,0.338107,0.803205,23.087327,1.054167,-0.323091,31.32,-0.150901,-0.249957,0.276129,0.607651,1.287884,2.568,1,5
0.544188,0.162616,0.522582,3.22742,1.055273,-0.272524,31.32,-0.444818,-0.271205,0.324873,0.56802,1.65328,2.574,1,8
0.648113,0.412419,0.696061,1.184178,12.467067,0.149056,31.32,-0.002995,-0.169387,0.953982,1.79463,0.667096,0.431,0,0
0.588835,0.217806,0.534288,2.976598,1.102846,-0.218486,31.32,0.073329,-0.01156,0.407331,0.725486,1.184631,2.916,1,1
0.794462,0.528379,0.843557,16.36909,2.766789,0.044575,31.32,0.056963,-0.739699,1.10163,2.214079,2.190475,2.647,1,3
0.524594,0.180135,0.529903,2.370722,1.267963,-0.046681,31.32,0.069765,0.162384,0.328972,0.52135,2.008366,0.058,0,0
0.400281,0.069412,0.412232,8.036224,1.0236,0.566095,31.32,0.366493,0.339094,0.42083,0.601832,6.289603,2.503,1,1
0.898405,0.634828,0.871751,6.422412,1.054167,-1.941717,31.32,-0.03835,-0.003606,0.318335,0.857217,0.787346,3.055,1,1
0.826776,0.380156,0.75365,0.899637,1.054167,-0.447821,31.32,-3.150664,-0.567027,0.032434,0.07574,-1.163421,2.637,1,13
0.468434,0.306649,0.444105,3.211359,1.133673,-0.468531,31.32,-0.003923,0.17425,0.325557,0.738922,2.200811,2.388,1,2
0.56481,0.167185,0.584448,2.511014,1.722633,-0.941852,31.32,0.056888,0.178698,0.499931,0.702522,1.611065,0.064,0,0
0.517322,0.346284,0.525629,2.529219,1.36031,-0.237122,31.32,0.154937,0.163738,0.364952,0.810417,1.554255,2.561,1,2
0.382178,0.221432,0.359603,3.545978,1.046166,-0.487826,32.21,0.207184,0.304267,0.824379,1.871825,3.81064,2.422,1,2
0.647289,0.085884,0.509839,3.978349,1.420077,-0.071212,31.32,-0.918904,-0.618793,0.083279,0.116885,0.60651,2.501,1,1
0.237335,0.133085,0.268741,1.61173,5.632876,-0.098948,31.32,0.002834,-0.163626,0.334576,0.642889,3.71891,2.673,1,7
0.128951,0.018885,0.114878,4.203048,10.358019,-0.032907,31.32,0.014222,0.365957,0.223413,0.435368,12.429674,2.707,1,1
0.332959,0.061973,0.543393,11.397672,1.054167,0.162799,31.32,-1.438272,-0.163759,0.300656,1.09128,11.262592,2.58,1,2
0.373466,0.011642,0.189524,1.377736,0.995229,2.768427,31.32,0.270638,0.268517,0.727559,0.780616,3.422134,0.023,0,0
0.16396,0.030616,0.099444,5.491564,0.497328,-0.042831,29.93,-0.01376,0.231425,0.452728,1.026478,11.946255,0.047,0,0
0.539843,0.323338,0.539862,3.548964,1.652576,0.036416,31.32,0.039041,0.160017,0.588074,1.074961,2.740877,2.595,1,3
0.206812,0.002548,0.172513,3.140684,0.978439,-0.326094,31.32,0.170253,0.473919,0.721511,1.072347,8.217046,0.009,0,0
0.314212,0.083303,0.297132,5.038364,1.054167,-0.348103,31.32,0.133163,0.15234,0.330817,0.48909,4.276864,2.564,1,1
0.220669,0.081624,0.200239,2.654272,1.073564,-0.209103,31.32,-0.063213,0.295769,0.26929,0.34295,5.548459,2.947,1,1
0.578919,0.315205,0.622203,4.00617,1.237993,-0.40574,31.32,0.100295,0.170009,0.389647,0.506548,1.863457,2.613,1,1
0.637948,0.402864,0.591221,2.486671,2.521224,-0.588458,31.32,0.115016,0.155304,0.374639,0.76502,1.302998,2.514,1,3
0.161998,0.039467,0.174444,2.538418,0.949865,-2.464585,31.32,-0.328701,0.012995,0.337175,0.737293,6.331417,2.545,1,1
0.359438,0.262835,0.408218,4.522131,1.053755,0.127306,33.94,0.148679,0.213448,0.797356,1.860323,5.776061,2.883,1,2
0.406778,0.208927,0.363453,4.180952,1.040167,-0.194749,31.32,0.345388,0.238174,0.33582,0.563043,4.473452,2.508,1,3
0.522116,0.112785,0.522787,6.050493,0.992,-0.262233,31.32,-0.661116,-0.091178,0.20336,0.228151,1.899507,0.006,0,0
0.252632,0.099753,0.300598,2.106725,1.131259,-0.180963,16.84,-0.003658,0.088019,1.411921,2.296481,4.144644,2.631,1,3
0.57711,0.296157,0.584612,3.08816,1.062011,-0.235867,46.96,-0.025379,0.204845,0.65777,1.266833,1.801757,2.456,1,4
0.63793,0.180865,0.678981,2.275825,1.155116,0.188343,31.32,0.009068,0.172436,0.749245,0.933726,2.03977,2.631,1,3
0.344841,0.04819,0.309281,1.566026,0.967376,-0.717089,31.32,0.014401,0.212995,0.690727,0.969294,2.32114,0.081,0,0
0.16105,0.098,0.232508,2.759699,1.013998,-2.377426,31.32,0.532812,0.245373,0.292388,0.500047,10.99945,2.773,1,1
0.499696,0.306061,0.458053,4.11933,1.054167,-1.908157,31.32,0.071113,0.169133,0.440244,0.790405,2.695253,2.631,1,1
0.565811,0.003895,0.579753,8.179186,0.98051,-0.727268,31.32,0.056083,0.224104,0.529591,0.696933,2.731622,0.168,0,0
0.385307,0.222247,0.390428,5.722114,1.069856,0.061901,31.32,0.0678,0.313668,0.371205,0.661848,3.438446,2.47,1,3
0.180894,0.115252,0.303123,1.871571,1.083705,0.435428,31.32,0.227297,0.328544,0.427114,0.610742,5.924073,0.069,0,0
0.583837,0.019246,0.167026,2.896472,1.054167,-0.122796,31.32,0.122246,0.065517,0.126738,0.549491,0.687059,2.464,1,6
0.338347,0.005474,0.294113,3.387414,-1.686136,-0.739282,26.88,0.138765,0.278039,0.736279,0.864402,4.902836,2.359,1,2
0.252784,0.141763,0.218619,1.592509,1.181081,-0.888413,31.32,0.577374,0.655159,0.307924,0.646177,2.738712,2.539,1,1
0.561426,0.244385,0.699819,9.134241,1.21036,-1.971448,31.32,0.046832,0.051491,0.508709,0.658379,1.974086,2.789,1,1
0.53005,0.064817,0.443565,6.104202,1.054047,-0.185239,18.89,0.121456,0.262951,0.664877,0.872145,6.081214,2.83,1,2
0.350444,0.208867,0.402211,1.808231,1.172488,0.156039,29,-0.015932,0.201713,0.761423,1.27596,3.168581,0.322,0,0
0.464266,0.319191,0.413867,4.594388,1.642618,-0.502873,31.32,0.044052,0.113376,0.488611,0.960803,3.17653,0.14,0,0
0.446744,0.31562,0.439561,2.921168,1.090072,-0.307746,31.32,0.086869,0.245249,0.55446,0.915999,3.176324,2.783,1,2
0.736194,0.401447,0.795307,5.754369,1.458124,0.176038,27.09,-0.145617,-0.237904,0.932327,1.512212,1.988294,0.009,0,0
0.432513,0.26273,0.475523,2.758194,1.204881,-0.257476,31.32,0.045729,0.13843,0.360704,0.760274,1.899366,2.817,1,2
1.073552,0.534376,0.954471,23.871094,1.054167,0.05498,31.32,-0.606349,-0.857896,0.116403,0.207267,-1.619014,0.028,0,0
0.439553,0.044657,0.429906,1.917518,-0.325736,-1.941177,31.32,-0.055138,0.268892,0.208556,0.291956,1.967089,0.044,0,0
0.601158,0.372795,0.598278,5.327762,2.90822,-0.533664,31.32,-0.068649,0.104644,0.413857,0.61979,3.218208,2.947,1,1
0.435554,0.227856,0.397631,2.879449,1.131155,-0.261527,31.32,0.159758,0.153744,0.401586,0.923529,2.612793,2.827,1,1
0.193121,0.073801,0.191109,3.553076,0.607214,-0.235602,31.32,0.24078,0.283719,0.244485,0.42809,6.681692,2.351,1,2
0.128758,0.010418,0.100905,3.656476,0.581968,-0.004766,31.32,0.411198,0.324784,0.243574,0.270542,8.143424,2.492,1,1
0.679175,0.022196,0.535363,3.755168,0.979563,-0.201017,31.32,0.227299,0.109816,0.513819,0.861138,1.268278,2.413,1,3
0.325563,0.19392,0.418987,7.8918,0.97126,-0.019816,31.32,0.662785,0.230841,0.269198,0.328499,6.500059,2.401,1,1
0.139311,0.018595,0.039299,6.612168,0.984472,-0.012613,31.32,1.310825,0.294438,0.176185,0.287707,20.506717,2.482,1,3
0.449842,0.320058,0.444608,1.751838,1.128759,-0.152341,31.32,0.190503,0.223804,0.314459,0.761166,1.795076,2.354,1,2
0.241945,0.053881,0.298805,3.186516,0.98551,-1.348633,31.32,0.189903,0.230672,0.489654,0.845887,4.877622,2.444,1,2
0.423559,0.288033,0.455582,2.729345,1.129346,-0.060498,31.32,0.114341,0.371262,0.880749,1.57054,3.132612,2.598,1,1
0.354601,0.272437,0.364124,2.049583,1.591135,-0.290477,31.32,0.109729,0.305381,0.59899,1.03071,2.790715,0.121,0,0
0.113556,0.011458,0.075715,2.264019,0.812335,-2.434479,31.32,0.097186,0.238812,0.187394,0.223844,10.402344,2.564,1,2
0.405028,0.249193,0.446171,2.190891,1.050457,-0.530391,31.32,0.149799,0.360138,0.881478,1.382843,2.660557,2.628,1,1
0.171217,0.016647,0.09669,5.632524,0.966088,-3.1487,16.12,1.464573,0.506758,0.389841,0.674432,9.520155,2.727,1,4
0.18228,0.063202,0.194434,2.722997,1.054167,5.086163,31.32,0.0823155,0.078062,0.319231,0.372879,1.954941,0.166,0,0
0.192762,0.061426,0.127729,2.334294,1.044006,-0.075917,31.32,0.011469,0.214318,0.303709,0.686993,4.886908,0.077,0,0
0.219438,0.15032,0.239943,1.602903,0.799076,-0.123694,31.32,0.007072,0.104416,0.344735,0.436861,2.222604,2.576,1,1
0.484318,0.285493,0.437877,2.27656,1.163409,-2.360595,31.32,0.097264,0.142889,0.342209,0.756877,1.540932,2.641,1,1
0.278014,0.151809,0.247588,3.136821,1.742087,-3.226789,31.32,0.054043,0.172022,0.625656,0.750383,3.867694,0.048,0,0
0.388271,0.06518,0.378353,1.626769,0.141012,-2.291047,31.32,0.035765,0.169318,0.342461,0.502878,1.676557,2.671,1,3
0.435168,0.124644,0.30292,4.597978,1.006921,-0.053589,46.88,0.177187,0.240035,0.641374,1.126495,2.854953,0.218,0,0
0.133824,0.00871,0.113044,5.990038,0.945296,-0.268508,31.32,0.164292,0.269257,0.282004,0.448265,8.3068,0.092,0,0
0.189517,0.009944,0.154778,3.388887,0.927339,-0.002221,37.22,0.217243,0.278209,0.896902,1.190759,13.037763,0,0,0
0.166371,0.105314,0.175421,2.127583,0.950682,-0.195912,31.32,0.244035,0.266197,0.286498,0.489326,3.27261,0.018,0,0
0.144059,0.032178,0.128421,3.963895,0.97553,-0.289913,31.32,0.116124,0.243252,0.587531,0.668602,6.686393,0,0,0
0.484816,0.117654,0.404881,4.455468,1.166611,-0.533339,31.32,0.004554,0.153397,2.493814,3.140664,4.122201,0.224,0,0
0.363541,0.064547,0.289091,3.297831,1.097146,-0.736403,31.32,0.291457,0.292523,0.342902,0.410988,2.54514,0.006,0,0
0.693849,0.338341,0.701006,6.80451,1.350295,-3.257463,32.32,0.052545,0.078288,0.736837,1.260782,1.341829,0.285,0,0
0.587805,0.670541,0.987902,2.513639,1.806311,-0.612968,31.32,0.100767,0.126109,0.194172,0.768431,0.804191,0,0,0
0.238662,0.071253,0.258916,2.809575,0.999264,1.34633,31.32,0.282283,0.28052,0.329282,0.46801,3.681208,2.77,1,1
0.122308,0.014638,0.077695,2.687677,1.004848,1.834781,31.32,0.16989,0.214816,0.541984,0.79472,7.437225,2.77,1,1
0.124958,0.016915,0.111489,2.659572,0.991604,-0.450719,37.5,0.286563,0.149125,0.418549,0.497241,5.611326,0.014,0,0
0.333472,0.172222,0.322196,4.416493,1.090584,-0.036083,16.73,0.097218,0.292089,0.617771,1.407402,3.965573,0.009,0,0
0.265252,0.006644,0.286469,2.899584,-10.908582,-0.312223,31.32,-0.003402,0.18344,0.608781,1.023962,2.478866,0.009,0,0
0.386667,0.002204,0.280188,8.97162,0.992778,0.638523,31.32,0.303628,0.223661,0.552703,0.761562,8.440771,0.003,0,0
0.43207,0.184483,0.311126,2.294247,1.054167,-3.711597,31.32,0.0823155,0.120635,0.337851,0.626504,1.201678,2.58,1,2
0.192234,0.034447,0.173927,4.720521,0.894846,-1.743755,24.47,0.0823155,0.312786,0.617936,0.698703,7.164426,0.003,0,0
0.163101,0.031445,0.126251,3.242867,1.349921,-4.716281,31.32,0.0823155,0.187327,0.463803,0.596994,4.216218,0.003,0,0
0.290692,0.003506,0.232484,3.423451,0.85705,-0.585795,30,0.0823155,0.206297,0.386568,0.4698,3.252936,0.03,0,0
0.162751,0.036174,0.096207,2.914853,1.007109,-3.846504,31.32,0.0823155,0.233178,0.378868,0.555953,6.304685,0.009,0,0
0.333521,0.259973,0.347975,1.209236,1.029967,0.057641,28.3,0.71036,0.426421,0.205058,0.801285,2.540677,0.045,0,0
0.802512,0.004073,0.824755,1.267801,1.054167,5.620487,17.67,0.0823155,0.073778,0.034832,0.9002815,2.902406,2.114,1,5
0.328812,0.211733,0.365933,1.963183,1.242822,-0.066779,31.32,-0.882031,-0.168531,0.107178,0.178892,1.939948,2.45,1,3
0.343438,0.363754,0.48646,0.989,1.054167,-0.088193,31.32,-0.051522,0.313958,0.0626,0.107732,1.573451,0.114,0,0
0.947415,0.135692,0.879014,1.631222,13.940285,1.155696,31.32,-0.027537,-0.01926,0.212491,0.239969,0.092523,2.578,1,2
0.551388,0.573418,0.775684,4.457575,1.194905,-0.022859,25.78,0.757959,0.203935,0.804942,2.121556,3.234182,2.538,1,5
0.14721,0.035637,0.111919,1.900532,0.599003,0.202764,31.32,-0.046763,0.306523,0.293441,0.610764,7.226356,2.708,1,1
0.632949,0.234355,0.690194,0.844888,3.283238,-0.328834,9.52,-0.097742,0.13576,0.212581,0.265989,0.964283,0.007,0,0
0.38066,0.190398,0.352183,2.683825,1.037962,-0.062137,42.26,0.133168,0.300953,0.565132,1.301883,2.580312,2.783,1,1
0.916202,0.145236,0.939709,17.460527,5.239848,-0.038649,31.32,0.629371,-0.768675,0.103162,0.643923,-0.752511,2.813,1,1
0.966484,0.63431,0.925726,44.729614,1.054167,0.051763,31.32,-0.218879,-0.246715,0.46214,1.220692,-0.55648,0.04,0,0
0.537846,0.328194,0.583749,15.009144,-0.251178,-0.025889,31.32,-0.124537,-0.892885,1.643607,2.19861,3.647955,0.165,0,0
0.806548,0.237249,0.828806,3.14646,1.332245,0.249168,51.91,0.0898,-0.016266,0.317718,0.843646,0.339024,2.462,1,3
2.085637,0.488591,0.958432,42.321404,1.054167,-0.038975,31.32,-0.171499,-2.202616,0.245698,0.297352,-7.617008,2.33,1,1
0.507591,0.144742,0.462275,1.059715,1.88224,-0.747823,31.32,0.008912,0.11839,1.151975,2.169752,1.862508,2.419,1,2
2.441531,0.535124,1.458915,5.892382,1.054167,-0.020258,31.32,-0.540899,-2.162922,0.192368,0.405928,-9.471455,2.476,1,2
0.456619,0.166473,0.551908,1.676081,21.616232,-0.31913,29.11,-0.057697,-0.031453,0.665872,1.205186,3.429024,2.604,1,2
0.722597,0.261277,0.7333,1.20995,2.053682,-0.105709,40.41,0.079167,0.075813,0.248428,0.333266,0.88615,0.07,0,0
0.727306,0.51179,0.707522,8.099036,11.542461,-0.140277,31.32,-0.136439,-0.151802,0.207745,2.704431,0.602176,2.506,1,3
0.658341,0.557474,0.699387,3.980149,4.487541,0.034702,31.32,-0.00182,0.026298,0.250146,0.871336,0.718311,2.521,1,4
0.407869,0.278479,0.467449,2.501955,1.054508,0.151098,26.97,0.588271,0.416477,0.41519,1.694448,3.200473,0.091,0,0
0.208985,0.085421,0.397232,1.193527,1.054167,0.161387,31.32,-0.265929,-0.089718,0.07153,0.194732,4.194999,2.754,1,3
0.56698,0.525238,0.808775,2.495165,1.096015,0.27328,45.61,0.245106,0.264297,0.678946,2.264174,2.318412,0.071,0,0
0.617672,0.513731,0.64632,1.135013,3.30529,0.104134,31.32,0.053759,0.11228,0.167353,0.928185,0.534784,2.49,1,2
0.232341,0.041608,0.046534,1.379515,1.054167,-0.01833,31.32,-0.172185,0.119275,0.190965,1.163212,3.527891,2.691,1,2
0.728846,0.237991,0.738324,1.583947,1.664058,-0.870045,15.89,-0.011116,-0.056476,1.845382,2.67283,2.078454,2.538,1,1
0.662886,0.30339,0.686925,0.648808,1.888113,0.010482,31.32,0.173302,0.195802,0.103609,0.183434,0.724679,2.53,1,1
0.492091,0.438396,0.539855,2.861739,2.411391,-0.0423,31.32,0.108309,0.125259,0.420132,0.843461,2.033797,2.473,1,4
0.996678,0.863362,0.964367,12.55697,1.054167,-0.033717,31.32,0.077089,-0.537406,0.165545,1.013159,-0.769118,0.335,0,0
0.393765,0.136614,0.384996,1.953246,1.054167,-0.101412,31.32,-0.078778,-0.331453,0.545277,1.930756,1.098804,2.812,1,4
0.651268,0.298543,0.585055,10.537504,1.299899,-0.098655,31.32,-0.060045,-0.136807,0.351891,0.660812,5.332291,2.701,1,3
0.811606,0.339929,0.948761,10.222228,1.054167,0.030523,31.32,-0.093758,-0.35576,0.189863,0.47027,-0.063822,2.419,1,1
0.321057,0.004035,0.350872,2.462454,1.030805,0.177645,48.63,0.025948,-0.269153,0.641757,0.907176,4.543033,2.751,1,1
2.313502,1.243326,1.761022,95.701842,1.054167,0.000331,31.32,-1.186912,-15.166727,0.054022,0.08033,-31.592683,2.614,1,5
0.33897,0.136103,0.443582,1.650982,1.054167,-0.033733,8.85,-0.132123,-0.580096,0.38959,0.640531,1.876457,2.731,1,1
0.887632,0.132342,0.901066,1.117778,1.246612,0.107365,31.32,0.0288,0.037124,0.613319,0.700398,0.811013,2.416,1,4
0.549619,0.202144,0.566046,3.327967,1.338123,-0.025249,9.8,0.024171,-0.435983,0.802018,1.54535,1.660042,2.922,1,2
0.651008,0.598976,0.804127,0.44865,1.5585,-0.10056,31.32,0.020145,0.139057,1.057438,1.802092,1.445615,0.009,0,0
0.374646,0.266499,0.41605,2.44249,1.242236,-0.077692,30.91,0.063921,0.269513,0.846214,2.35086,3.316844,2.631,1,5
0.275406,0.031796,0.352367,13.260924,0.986622,0.062776,32,0.44074,-1.931858,1.263579,1.337752,13.536297,3.067,1,2
0.493929,0.431659,0.534279,5.801761,1.51651,0.164536,23.6,-0.764584,-0.016217,0.07733,0.183904,1.185162,0.03,0,0
0.666907,0.544955,0.948698,10.295842,1.054167,0.079288,28.92,0.466674,-0.432747,0.442201,2.691229,0.449847,3.141,1,3
0.683539,0.482506,0.653141,1.938384,1.054167,-0.03041,23.83,0.032054,-0.145377,0.134243,0.184686,0.398836,0.186,0,0
0.954899,0.488357,0.955457,12.086856,1.054167,-0.013289,31.32,-0.377147,-0.200032,0.202959,0.228795,0.204511,2.651,1,2
0.566638,0.391573,0.547359,1.284141,1.054167,-0.358284,21.31,0.017127,0.108014,0.280569,0.493921,0.862861,2.343,1,1
0.351431,0.058821,0.356328,9.103688,1.68517,0.238346,31.32,0.630242,0.630931,0.366863,3.095339,7.898524,2.564,1,4
0.780805,0.557013,0.763542,2.457442,1.24655,0.376043,31.32,0.111936,0.112601,0.92086,2.912138,1.256566,2.393,1,1
0.625053,0.451449,0.590408,5.395912,1.151037,-0.035405,31.32,0.036533,-0.432041,0.515978,0.738625,2.219278,2.552,1,1
0.345382,0.12517,0.397676,7.643694,1.054167,0.047993,31.32,-0.063287,-1.284825,0.539489,1.070998,6.970633,2.548,1,1
0.689619,0.419117,0.733704,5.74055,1.171643,0.339166,40.32,0.11929,-0.362633,0.341665,0.934377,1.259538,2.727,1,8
0.529853,0.38992,0.541766,2.126775,2.20967,0.028964,31.32,0.058701,0.163237,0.282977,0.708386,1.736458,2.393,1,4
0.016867,0.001897,0.018171,5.103137,1.054167,0.021863,31.32,-0.899893,0.454389,0.102729,0.196296,165.600727,0.003,0,0
0.11598,0.074976,0.158758,1.051428,1.136703,0.191775,31.32,2.485583,0.621512,0.224165,0.39914,6.078438,3.076,1,12
0.261103,0.111953,0.274795,0.925189,1.03695,-2.096866,31.32,0.016995,0.367404,1.463746,2.449358,3.944973,0.012,0,0
0.713201,0.273779,0.841741,1.604722,1.249017,-0.45163,14.99,0.097564,0.211238,0.449696,0.64246,1.568185,2.353,1,3
0.49143,0.13588,0.53541,4.54187,1.008791,-0.161649,28.17,0.265464,0.436473,1.281844,1.990128,5.739484,2.509,1,1
0.581182,0.373672,0.689266,1.896446,1.070535,-0.046595,31.32,0.217359,0.163027,0.394181,1.410963,1.431436,0.089,0,0
0.404879,0.182432,0.439988,1.771946,1.841485,0.029759,31.32,0.000365,0.113215,0.475597,0.984085,1.578496,2.777,1,3
0.488683,0.002904,0.506536,5.380265,1.026076,0.367415,31.32,0.069907,0.135664,0.606923,0.737281,4.681786,2.363,1,1
0.536001,0.311109,0.572591,2.381112,0.256213,-0.283947,49.32,-0.044685,0.149354,0.254933,0.392783,1.768804,2.505,1,2
1.15418,0.314987,0.962437,6.508156,1.054167,-0.031604,31.32,-0.576316,-0.207666,0.145882,0.160564,-0.863083,2.453,1,7
0.608965,0.23495,0.56888,1.886902,1.430264,-0.25224,38.19,0.051169,0.149479,0.713168,1.022779,1.84571,2.365,1,2
0.580404,0.447923,0.630892,3.348884,1.643491,0.068413,12.34,0.0216,-0.026347,0.474601,1.602889,2.503777,2.7,1,1
0.335427,0.093288,0.296571,1.512029,1.134862,-0.08053,31.32,0.016071,0.060763,0.950422,2.484932,2.023762,2.726,1,5
0.798467,0.392403,0.796844,0.778479,2.228728,-0.752217,31.32,0.053344,0.094405,0.213737,0.281408,0.840012,0.093,0,0
0.575791,0.390866,0.680477,2.106536,2.262023,-0.360425,31.32,0.205914,-0.260536,0.083753,0.193145,1.013289,0.606,0,0
0.573285,0.464798,0.605076,4.679522,1.279025,-0.309741,31.32,0.098967,0.274989,0.455369,1.045347,3.151169,2.407,1,3
0.356845,0.146496,0.410281,2.081066,1.0324,-0.750921,31.32,0.021589,0.311833,0.827421,1.193604,3.859944,2.273,1,2
0.061422,0.022881,0.057364,1.651928,0.925914,0.019096,31.32,0.149658,0.237688,0.332298,0.585667,15.413214,0.167,0,0
0.419332,0.133365,0.298873,4.494571,1.529157,0.233169,31.32,-1.00567,-0.047103,0.064887,0.120599,3.645819,2.863,1,3
0.160704,0.132197,0.220069,4.652088,1.077901,-0.779975,26.7,0.091616,-0.462032,0.839178,1.083002,9.168785,0.006,0,0
0.714294,0.562186,0.670485,3.365117,1.169372,0.06971,31.32,-0.252666,-0.396428,0.502203,0.763393,0.407845,2.5,1,5
0.157099,0.021079,0.124316,1.952424,1.054167,-0.150926,31.32,-0.573627,0.160349,0.099121,0.250502,7.286209,2.591,1,2
0.59177,0.319476,0.64498,1.704802,1.037295,-0.127982,31.32,0.049037,0.022593,0.518176,0.85465,1.134923,2.465,1,5
0.586575,0.370067,0.715269,2.010961,1.027984,0.745403,57.91,0.405836,0.200547,1.024612,3.26635,2.925647,2.825,1,2
0.82321,0.211183,0.799573,0.838945,1.063621,0.239745,31.32,-0.119077,-0.002768,0.323844,0.383329,0.441101,0.078,0,0
0.209006,0.08057,0.159616,0.959461,0.736274,0.028631,12.66,-0.240251,-0.592478,0.136282,0.275084,1.457409,2.548,1,4
0.425244,0.065675,0.471636,11.417246,1.159612,-0.267047,20.72,0.243047,0.348029,0.500008,1.092188,9.68212,0.132,0,0
0.357099,0.029315,0.298858,5.629027,1.054167,0.000171,16.27,0.208983,0.163994,0.849115,1.139818,5.098276,2.457,1,1
0.356559,0.263666,0.436611,1.26619,1.109851,0.001518,56.61,0.03377,0.083106,1.390011,4.8165,2.591042,0.127,0,0
0.567462,0.364794,0.669969,2.054787,1.253156,0.075998,31.32,0.098676,0.270275,0.639695,1.194969,2.074242,0.288,0,0
0.525809,0.172694,0.503184,2.036064,1.172516,0.004871,32.03,0.234034,0.20489,0.650775,1.771178,2.165816,2.742,1,7
1.603559,0.936878,1.147324,27.470676,1.054167,-0.016827,31.32,-0.685507,-2.226822,0.379461,1.08676,-5.174856,2.995,1,6
0.684948,0.387566,0.702741,1.317153,1.308228,0.03665,31.32,-0.003698,0.035408,0.442328,0.617757,1.095164,2.61,1,1
0.344672,0.054033,0.305619,2.580358,0.837835,-0.252735,28.03,0.079031,0.234354,0.628206,0.732989,4.539857,2.498,1,2
0.712298,0.289767,0.768922,8.046486,1.131046,-0.094496,18.53,0.079529,-0.450408,1.27613,1.94354,1.897081,2.711,1,6
0.089407,0.037095,0.106975,2.490014,0.933957,0.057195,31.32,0.005247,-0.002746,0.217884,1.244334,16.354782,3.25,1,1
0.161877,0.058042,0.153771,2.169937,1.003263,-0.032911,34.88,-0.026614,0.383811,0.292721,0.414708,9.16768,2.371,1,1
0.867914,0.776659,0.88653,1.590245,2.092972,-0.243322,31.32,0.015103,0.025737,0.496652,1.950055,0.420445,2.55,1,2
0.784937,0.214099,0.808444,1.785795,1.019382,0.213285,34.12,2.718216,0.131313,0.003016,0.003233,0.805693,2.462,1,2
0.680953,0.390977,0.694728,1.41963,1.255571,-0.179513,31.32,-0.039908,0.076516,1.084073,2.297874,1.256251,2.365,1,4
0.1689,0.142991,0.297573,1.151076,1.0539,0.195255,48.44,0.216262,0.415847,0.425127,2.118609,4.311471,0.028,0,0
0.051455,0,0.108132,8.432731,0.953583,-1.042612,31.32,4.682181,0.441924,0.053176,0.058171,60.82776,2.777,1,2
0.672266,0.42112,0.696591,3.371624,1.570413,0.029147,31.32,0.029658,0.1930595,1.56997,3.033982,2.035017,2.628,1,4
0.661605,0.723345,1.612127,2.616403,1.281487,0.022216,17.42,-0.563063,-0.956173,0.589273,0.861971,0.446468,2.476,1,1
0.626746,0.298217,0.675761,0.831253,1.847466,-0.399447,31.32,0.065002,0.174317,0.244213,0.375148,1.018162,0.086,0,0
0.492533,0.600594,1.300735,2.616403,5.512704,0.019373,31.32,-0.639105,-0.552819,0.153461,0.222615,0.772981,0.094,0,0
0.727708,0.238367,0.654283,1.84548,1.118885,-0.76745,31.32,0.047001,0.050474,1.216588,1.731085,1.559418,2.5,1,2
0.98506,0.499365,0.872497,29.208914,1.054167,-0.047448,31.32,-0.228632,-0.697686,0.363215,0.877334,0.634051,3.333,1,5
0.294953,0.105528,0.348343,2.150011,1.00796,-0.304659,31.32,0.071664,-0.022631,0.532908,1.057852,3.158794,0.092,0,0
0.279304,0.087327,0.417093,0.828442,1.022577,0.016863,31.32,0.302786,0.252618,0.25503,0.787687,1.758386,0.135,0,0
0.514387,0.399247,0.532581,0.959671,1.054167,-0.229041,31.01,0.082458,-0.108273,0.220026,0.782307,0.346531,2.613,1,2
0.488014,0.172812,0.457731,2.595071,1.59198,-0.083089,18.85,0.002929,-0.058254,0.408854,1.672032,2.06311,0.095,0,0
0.842732,0.458845,1.167296,2.323618,1.054167,0.033956,31.32,-0.605701,-1.157515,0.15923,0.944468,-2.087887,2.726,1,4
0.371044,0.130655,0.197822,0.893607,0.98628,-0.174198,52.12,0.255129,0.23667,0.074649,0.101138,1.562464,0.043,0,0
0.834972,0.58266,0.768276,2.583845,1.173885,-0.358273,32.91,-0.219366,-0.02475,0.301869,1.151553,0.352048,2.76,1,4
0.695168,0.249661,0.663646,1.709858,1.052701,2.207108,51.41,0.058276,0.272371,1.063913,2.915113,1.98938,0.091,0,0
0.159971,0.113393,0.158122,1.996049,0.83645,-0.465285,31.32,0.146867,0.40066,0.057961,0.099137,7.52552,2.458,1,2
0.633088,0.296111,0.696373,5.742016,1.345214,-0.034042,17.9916,-0.005492,0.152986,1.420629,3.425921,3.191027,2.456,1,1
0.617209,0.205662,0.578333,20.527034,1.054167,0.004112,31.32,0.69547,-3.49619,0.282797,0.494346,3.154881,2.425,1,11
0.330647,0.238435,0.340084,0.869638,1.250686,-0.212968,15.3,0.148387,0.388264,0.302495,1.086556,1.787664,2.242,1,2
0.374573,0.177505,0.386658,1.192783,1.034683,0.10383,31.32,0.122913,0.206353,0.514752,3.824388,1.947462,2.518,1,2
0.75719,0.444325,0.723048,0.854621,2.994696,-0.389204,48.6,0.116809,0.122659,0.115733,0.150015,0.687901,2.634,1,1
0.268458,0.250698,0.395313,3.122335,1.112258,-0.222986,11.72,-0.106034,-0.116038,0.088525,0.205739,4.97505,2.491,1,1
0.33059,0.000439,0.321023,1.283066,0.742552,0.029075,31.32,0.0823155,-0.55261,0.013806,0.022822,0.748181,2.36,1,5
0.335665,0.078985,0.238408,9.35086,1.564429,-0.065129,31.32,0.138716,-0.495225,0.152405,0.365581,8.637475,2.564,1,1
0.298841,0.00787,0.260304,5.840214,1.339756,-0.017943,31.32,0.012652,0.434695,0.541486,1.120995,7.252001,2.676,1,2
0.73516,0.427179,0.763156,4.250769,1.822181,0.70955,31.32,0.099073,0.089808,0.176161,0.236318,1.563528,2.502,1,1
0.460609,0.423897,0.543183,1.080211,1.20685,0.100747,31.32,0.248721,0.089175,0.298768,2.845237,1.487858,2.567,1,2
0.343364,0.116236,0.354752,0.717691,1.027057,0.14011,31.32,0.056008,0.414214,1.108345,3.247146,3.378143,2.493,1,1
0.875928,0.468056,0.839009,6.927703,1.469184,0.257218,31.32,-0.289119,-0.520881,0.502466,1.672503,-0.096009,2.505,1,7
0.567943,0.481822,0.563568,0.642064,1.054167,0.083527,31.32,-0.130625,0.142135,0.307169,0.718122,0.694348,0.109,0,0
0.7065,0.584647,0.767358,2.204794,4.381325,-0.039933,31.32,0.021204,-0.014679,0.49479,1.168882,0.695585,2.346,1,1
0.368713,0.138831,0.327909,8.83023,2.010319,0.14223,31.32,0.053144,0.237669,1.008011,2.541576,16.64239,2.634,1,3
0.729938,0.695038,0.85458,2.011938,3.147033,-0.667563,9.47,0.284802,0.021853,0.094277,0.342522,0.645759,0.151,0,0
0.369885,0.070191,0.385122,1.747066,0.897101,-0.012576,28,0.027562,0.18319,0.317536,0.557738,2.56599,0.135,0,0
0.429205,0.270363,0.455009,3.576077,1.68824,0.03203,19.37,0.360502,0.18519,0.249591,0.360028,3.641235,2.708,1,3
0.764304,0.038448,0.765085,0.819926,1.054167,-0.180326,26.09,0.0823155,0.074781,0.034257,0.9002815,2.902406,2.085,1,8
0.73302,0.259222,0.762762,1.004003,0.784782,-0.95536,31.32,0.009884,0.062284,1.08118,1.501204,1.380253,2.505,1,1
0.093199,0.00484,0.080114,3.84791,1.054167,-0.062827,31.32,-0.039864,0.1930595,0.618472,0.880321,20.562984,2.763,1,2
0.11293,0.03632,0.121735,1.861618,1.018053,0.119986,40.5,0.726391,0.659194,0.084814,0.171046,8.953185,2.479,1,4
0.443255,0.025178,0.248551,5.619376,0.995595,0.053384,14.73,0.194256,0.450517,0.858222,1.649829,7.881617,2.072,1,2
0.239663,0.017332,0.170356,8.061555,0.990264,-0.325094,31.32,0.171101,-0.097424,0.550941,0.584237,11.324047,0.009,0,0
0.462886,0.381405,0.524232,3.025855,1.15537,-1.119643,34.55,0.281187,0.274264,0.483058,1.145628,2.251238,2.56,1,2
0.409393,0.331825,0.494786,1.334704,1.092584,0.051723,34.3,0.143676,0.228379,0.539374,1.443455,2.546596,0.073,0,0
0.726461,0,0.740539,1.188095,1.054167,-0.201165,24.09,0.0823155,0.067636,0.033917,0.9002815,2.902406,2.35,1,2
0.800549,0.019906,0.821047,1.593895,1.054167,-0.277035,32.62,0.0823155,0.050261,0.047387,0.9002815,2.902406,2.364,1,4
0.753768,0.488901,0.713671,1.792358,1.054167,-0.104488,31.32,-0.181693,-0.05808,0.185494,0.758412,0.135962,2.9,1,1
0.789717,0.001743,0.793768,1.177889,1.054167,0.125966,26.63,0.0823155,0.035678,0.044301,0.9002815,2.902406,2.217,1,2
0.60459,0.586912,0.677049,3.831196,2.533858,0.877251,44.57,-0.002659,-0.001172,0.759232,1.16384,2.480911,2.757,1,3
0.750542,0.635185,0.778608,0.833369,1.560519,-0.281167,31.32,0.058169,0.046637,0.257959,1.19433,0.518225,2.436,1,1
0.771031,0.693376,0.820899,1.707165,3.382254,-0.821947,31.9,-0.01857,0.035877,1.957341,2.972237,2.281382,0.141,0,0
0.764817,0.449439,0.770123,1.396884,4.148958,-0.271459,31.32,0.010726,0.082202,1.910157,2.453542,2.3221,2.622,1,1
0.665951,0.520921,0.667636,1.353376,1.054167,-0.550357,29.58,0.077264,0.061306,0.216082,0.490614,0.809952,0.176,0,0
0.430265,0.183964,0.549425,2.140565,1.215177,-0.314806,31.32,0.023255,-0.077826,2.032383,2.591752,3.670769,0.361,0,0
0.673721,0.459902,0.741745,2.071899,36.816289,-0.258789,31.32,-0.083068,0.069392,0.20667,0.648141,1.027678,2.512,1,5
0.811593,0.008274,0.819727,1.155433,1.054167,2.144379,23.55,0.0823155,0.055611,0.020095,0.9002815,2.902406,2.18,1,1
0.18684,0.010215,0.240981,1.364257,1.024305,-0.179395,31.32,0.093656,0.298096,0.516142,0.926637,3.876721,2.598,1,7
0.55391,0.165954,0.559732,7.71879,1.081063,-0.281808,31.32,0.141858,0.30115,0.924349,1.420424,4.435556,0.009,0,0
0.345243,0.310253,0.581981,3.547231,1.054167,-0.048546,31.32,0.125126,0.293817,0.105866,1.429004,2.475521,2.767,1,6
0.817065,0.000512,0.813216,2.111772,1.054167,1.695429,34.61,0.0823155,0.06583,0.044719,0.9002815,2.902406,2.286,1,1
0.539557,0.624423,0.759583,1.278728,1.132427,0.236812,31.32,0.778129,0.185425,0.311585,1.467844,1.354601,0.18,0,0
0.295239,0.231151,0.394388,1.411536,1.180956,0.030727,31.32,-0.092923,-0.188979,1.16894,2.302724,2.864837,2.454,1,3
0.700228,0.062378,0.716196,1.196812,1.088448,-1.260091,35.72,0.044256,0.1641,0.810607,1.047104,1.491956,0.055,0,0
0.559646,0.413078,0.494083,2.170507,1.054167,-0.037626,31.32,0.008239,0.014714,0.682221,1.648354,1.806654,0.081,0,0
0.5846,0.373236,0.566338,2.246138,1.297344,-1.129082,31.32,0.03286,0.175976,0.928498,1.551871,2.332858,0.009,0,0
0.610747,0.539483,0.704276,2.33203,1.136337,0.02156,24.65,0.171126,0.155067,0.75284,3.122054,1.675703,0.053,0,0
0.908317,0,0.903476,0.321052,1.054167,1.346971,13.03,0.0823155,0.0374,0.017318,0.9002815,2.902406,0.116,0,0
0.743609,0.001748,0.756081,1.184907,1.054167,-0.253469,45,0.0823155,0.059196,0.040633,0.9002815,2.902406,2.269,1,5
0.403645,0.255713,0.476997,1.879203,0.8495,-0.156305,31.32,0.527101,0.361507,0.216608,0.74811,2.552182,2.532,1,1
0.517666,0.282754,0.453856,2.908945,1.078643,-0.317547,19.89,0.130823,0.144095,0.402034,0.910166,2.258282,2.525,1,1
0.809657,0.007213,0.814045,0.93746,1.054167,1.469766,21.34,0.0823155,0.074173,0.031173,0.9002815,2.902406,2.204,1,3
0.611644,0.373192,0.532344,1.132684,1.05628,-2.93483,31.32,0.132111,0.212543,0.687745,2.759892,1.126861,2.442,1,2
0.531118,0.4084,0.59048,1.284104,1.054167,-0.036087,31.32,0.016888,-0.172428,1.17121,2.697278,1.510464,2.561,1,1
0.475459,0.133704,0.437489,2.546518,1.36043,-0.005642,86.91,0.04928,0.180897,0.642409,1.198495,1.292688,0.006,0,0
0.921172,0,0.918785,0.426462,1.054167,0.457394,40.03,0.0823155,0.037706,0.020856,0.9002815,2.902406,0.347,0,0
0.68526,0.113776,0.697457,1.922953,0.861557,0.432317,56.12,0.129155,0.146448,0.391321,0.471441,1.616692,2.469,1,1
0.407069,0.12795,0.395218,1.702202,0.889602,-0.092805,31.32,0.11847,0.297131,0.560658,1.103509,3.092826,2.405,1,2
0.423532,0.265573,0.42718,2.366933,1.054167,0.35625,31.32,-0.018123,0.053464,0.126755,0.253026,2.575933,2.576,1,1
0.588552,0.179275,0.652103,2.133472,1.027132,-1.616449,31.32,0.186082,0.12909,0.446006,0.867013,1.720164,0.24,0,0
0.471031,0.203779,0.368666,2.545566,1.012523,-0.145129,31.32,0.443272,0.299066,0.544841,1.72416,2.84915,2.718,1,1
0.941295,0,0.93675,0.591374,1.054167,0.263769,67.39,0.0823155,0.020166,0.021489,0.9002815,2.902406,0.134,0,0
0.367763,0.294634,0.417237,1.240087,1.08077,0.236553,31.32,0.298823,0.35442,0.491937,1.941354,2.248291,0.157,0,0
0.80173,0.006637,0.821155,0.881372,1.054167,1.510882,15.13,0.0823155,0.054,0.026339,0.9002815,2.902406,2.123,1,1
0.749242,0.016747,0.747481,0.911286,1.054167,3.451073,25.15,0.0823155,0.063204,0.035583,0.9002815,2.902406,2.159,1,3
0.774522,0.669301,0.756316,1.376736,1.304952,0.212972,34.06,0.280912,0.117129,0.19959,1.027589,0.53312,2.076,1,1
0.275431,0.213978,0.328977,1.073164,1.161592,0.004171,28.83,0.255566,0.093957,0.207965,1.263419,2.006498,0.11,0,0
0.835876,0.013792,0.826616,0.993973,1.054167,-0.593854,51.16,0.0823155,0.05821,0.044719,0.9002815,2.902406,2.112,1,11
0.758406,0,0.775948,1.326767,1.054167,-0.147888,28.71,0.0823155,0.079561,0.036867,0.9002815,2.902406,2.046,1,5
0.631788,0.530873,0.698296,1.497544,1.191971,0.215746,31.32,0.380126,0.176987,0.356105,3.618159,1.019585,0.046,0,0
0.916803,0,0.916323,0.588256,1.054167,0.966953,57.11,0.0823155,0.053914,0.023669,0.9002815,2.902406,0.138,0,0
0.924793,0,0.92031,0.638574,1.054167,-3.547223,33.75,0.0823155,0.037612,0.016963,0.9002815,2.902406,0.177,0,0
0.382724,0.280557,0.418389,3.097357,1.060413,0.129396,29.4,0.376485,0.03979,0.404323,0.814619,2.93665,2.421,1,1
0.84667,0,0.868988,2.239973,1.054167,0.008939,40.11,0.0823155,0.048106,0.023042,0.9002815,2.902406,2.111,1,5
0.919763,0,0.920732,0.388902,1.054167,1.057627,65.37,0.0823155,0.039805,0.021976,0.9002815,2.902406,2.063,1,2
0.886584,0.372062,0.814205,2.148116,1.054167,-0.135493,31.32,-1.367515,-0.116583,0.079105,0.151079,-0.207965,2.767,1,10
0.489117,0.344786,0.524479,1.420463,1.341056,-0.022167,31.32,0.038251,0.099782,0.533994,1.180353,1.585292,2.559,1,13
0.368947,0.311312,0.450569,2.010626,0.930315,-0.01264,31.32,0.113096,0.205471,0.34839,0.623181,3.176841,2.489,1,1
0.57643,0.144193,0.628114,2.062972,1.041032,-0.575236,31.32,-0.244225,0.053198,0.51853,0.848889,1.564859,2.416,1,3
0.621573,0.025237,0.602708,1.459939,0.953702,-0.440028,31.32,0.149796,0.274513,0.492938,0.568278,1.818673,2.48,1,2
0.26838,0.081698,0.512758,2.652649,1.012825,-0.018964,31.32,0.046155,0.394938,0.792982,1.504687,5.80275,2.349,1,1
0.460354,0.004523,0.427091,7.324676,0.121268,0.076006,32.95,0.175209,0.343817,0.658368,0.78357,6.616768,2.459,1,2
0.461714,0.264372,0.481662,2.573016,1.092614,-0.144587,31.56,0.135728,0.2516,0.528413,1.347264,2.700687,2.376,1,1
0.539151,0.395982,0.630914,2.771111,5.523044,0.383361,31.32,0.001654,0.310959,2.089243,5.205728,4.201469,2.769,1,3
0.328429,0.171077,0.279137,3.51917,3.09678,-0.223631,41.18,0.33285,0.30321,0.371218,0.732018,4.436248,0,0,0
0.416853,0.110602,0.404785,4.753618,1.082681,0.276852,19.7,0.149283,0.311835,0.478648,0.68574,4.554973,2.471,1,3
0.180039,0.094445,0.20497,1.931223,1.006372,0.040377,22.24,0.665642,0.386386,0.540976,1.341611,5.568739,2.84,1,2
0.358173,0.326175,0.47103,4.783429,1.064045,-0.105832,23.96,0.114451,0.184057,0.325664,0.638961,4.171323,0.16,0,0
0.516805,0.036011,0.519123,5.297824,1.102248,-0.060852,31.32,0.235193,0.148493,0.484656,0.605447,4.086035,2.634,1,1
0.205659,0.039252,0.338795,1.478246,0.877887,0.434381,34.98,0.27743,0.347195,0.393914,0.589337,2.694733,0.067,0,0
0.6352,0.130112,0.486896,8.180236,1.192247,-0.02072,31.32,0.007631,0.159226,0.57219,0.646024,3.145639,2.545,1,2
0.412634,0.285391,0.500549,1.195001,1.054167,-0.233387,31.32,-0.730223,-0.073693,0.187825,0.584544,0.262142,0,0,0
0.209697,0.022819,0.193689,6.046133,0.750818,0.377865,22.29,0.587197,0.205079,0.218827,0.38256,9.953842,0.012,0,0
0.406875,0.265214,0.464965,6.468508,1.054167,-0.217823,31.32,-1.007137,-0.853656,0.229632,0.841174,6.308431,0.012,0,0
0.667577,0.510409,0.698501,1.346829,1.054167,0.521853,31.32,-0.05528,0.107352,0.592289,1.231462,1.173128,0.071,0,0
0.578756,0.327768,0.558606,3.775188,1.350777,-0.642932,31.32,0.09234,0.182736,0.722248,1.250587,2.91881,2.648,1,1
0.346211,0.326314,0.472177,4.624762,1.086292,0.091822,31.32,0.230348,0.181561,0.308481,0.800077,3.510907,2.462,1,3
0.619891,0.52844,0.642721,1.064928,1.438945,-2.732018,22.07,0.056889,0.204227,1.229597,4.265932,1.815306,2.797,1,3
0.452756,0.245279,0.54364,2.856437,1.046233,0.025377,31.32,0.138596,0.132183,0.82734,1.783844,2.576995,2.467,1,2
0.274595,0.118765,0.313357,8.229378,1.004931,-0.519692,13.3497,0.299343,0.306679,0.608356,1.639972,9.824166,2.521,1,2
0.676797,0.453283,0.616076,8.806151,1.110688,0.045263,31.32,-0.76638,-0.261083,0.416155,0.808879,1.350308,2.552,1,6
0.715251,0.336281,0.749499,1.574536,1.054167,0.201289,31.32,0.025941,0.103683,0.723801,1.447881,0.967752,2.379,1,1
0.589992,0.356972,0.559848,3.216794,1.481708,-0.52839,31.32,0.019677,0.148868,0.607084,1.369284,1.783546,0.144,0,0
0.675261,0.485358,0.626243,2.830587,1.451819,0.108383,12.14,0.346499,0.137457,0.227457,0.984844,1.066478,3.189,1,5
0.486401,0.217733,0.446437,5.254213,1.656945,-0.083798,31.32,0.094484,0.190486,0.377739,0.484796,3.455898,2.604,1,4
0.852622,0.289999,0.849167,8.726932,10.423674,-0.86039,31.32,-0.185723,-0.043838,0.939295,1.269335,1.680829,2.495,1,2
0.274168,0.081953,0.333217,1.826018,0.908054,-0.26719,30,0.06132,0.314239,0.620773,1.228858,4.371653,2.87,1,1
0.39576,0.193435,0.462203,1.903752,1.027312,-1.243684,44.98,0.077627,0.182919,1.441886,3.401403,4.096153,0.112,0,0
0.558556,0.421482,0.564218,2.121721,1.054167,-0.464519,23.58,0.002522,0.149847,0.798869,1.392137,2.127969,2.548,1,1
0.167078,0.190904,0.39556,3.282668,0.979409,0.111025,31.32,0.475506,0.678108,0.716294,1.196275,12.242305,2.648,1,5
0.816084,0.604023,0.949885,16.500461,1.054167,-0.4936,31.32,-0.12879,-0.102165,1.15822,4.225142,0.828379,0.006,0,0
0.577796,0.269132,0.665809,2.493291,1.179639,-0.38938,60.26,0.07189,0.152744,0.720627,1.903258,1.935377,2.618,1,1
0.37512,0.198621,0.35189,2.563924,1.054167,-0.085889,31.32,-0.192969,-0.107479,0.299256,0.775655,2.658692,0.083,0,0
0.155569,0.038888,0.149155,1.66879,1.054167,-0.446555,31.32,-0.076069,0.172021,0.257425,0.492472,5.50253,2.903,1,4
0.300327,0.20664,0.303288,1.878254,1.015308,0.113481,41.07,0.847061,0.21681,0.270401,0.688475,2.640142,2.505,1,1
0.318393,0.149373,0.272055,7.009494,0.816556,-0.219511,45.92,0.2138,0.344067,0.661292,1.024963,4.265878,0,0,0
0.541613,0.084922,0.611046,3.121701,1.009825,-1.591072,31.32,0.168052,0.253068,0.805077,1.07385,2.857437,2.45,1,2
0.581361,0.382648,0.700935,2.012135,1.754919,0.043531,31.32,0.101587,0.119043,0.531106,0.939797,1.665257,3.128,1,2
0.665946,0.491268,0.651558,6.397638,1.13457,-0.652667,20.53,0.231452,0.117734,0.401955,0.981397,1.602393,0.06,0,0
0.508256,0.357075,0.508941,5.982068,1.032131,-0.324908,21.22,0.219655,0.287504,0.329674,0.769107,2.6167,2.53,1,4
0.436402,0.25315,0.3827,2.769742,2.228578,-0.103207,31.32,0.284843,-0.3793,0.695021,1.521728,2.929378,2.634,1,2
0.530863,0.346471,0.516577,3.856974,1.771717,-0.318793,32.25,0.023154,0.089383,0.440405,1.119238,3.668163,0.07,0,0
0.402036,0.115355,0.417137,6.819727,1.003801,-1.375352,31.63,0.199534,0.375219,0.762851,1.025994,9.790509,0.009,0,0
0.1204,0.033617,0.107312,1.595648,1.054167,0.01977,25.25,-0.046613,0.202603,0.493185,0.959213,8.200035,2.49,1,4
0.67883,0.385822,0.667058,2.891415,1.403644,0.544547,31.32,0.13295,0.136535,0.428423,1.159959,1.810988,3.333,1,3
0.066009,0.008355,0.062514,3.638218,0.916051,-0.482834,31.32,0.130085,0.242856,0.312013,0.421997,44.066975,2.394,1,1
0.261579,0.0567,0.214722,1.813057,0.978921,-0.490298,31.32,0.105726,0.386196,0.361436,0.637165,4.359491,0.009,0,0
0.244467,0.06343,0.221853,3.792779,1.007919,-0.100361,31.32,0.389743,0.318754,0.42413,0.710257,10.243473,0,0,0
0.601165,0.384067,0.723282,7.686324,1.443563,-1.133611,31.32,-0.305345,0.07726,0.333903,0.806608,1.92704,2.637,1,3
0.353164,0.147284,0.264945,4.442184,1.214926,-1.384899,31.32,0.559975,0.305323,0.179764,0.291469,3.856806,2.442,1,1
0.453759,0.388823,0.61214,1.838356,1.223225,-0.190659,31.32,0.060611,0.165105,0.726182,1.348045,2.566154,2.322,1,6
0.681544,0.343834,0.630144,3.315324,1.184528,-0.852158,31.32,0.030436,0.091796,0.919243,1.958127,1.941558,0.081,0,0
0.388216,0.386798,0.42493,3.758033,1.018278,-0.034135,31.32,0.088784,0.064911,0.155898,0.255523,3.893701,2.533,1,2
0.448762,0.303325,0.457011,1.878502,2.548233,-0.027109,31.32,0.016899,0.244158,0.768341,1.611187,2.55591,2.631,1,2
0.400171,0.075066,0.419836,1.493432,0.998277,-0.631174,18.47,0.092332,0.327324,0.869493,1.227876,2.919428,2.584,1,1
0.521317,0.329042,0.482661,2.856239,1.450878,-1.191641,22.05,0.162511,0.104674,0.309976,0.510724,2.246667,2.491,1,1
0.383905,0.272567,0.357073,6.845273,1.025814,0.049051,31.32,0.467539,0.391095,0.370897,0.447636,6.484288,2.64,1,3
0.590574,0.275047,0.675923,6.127399,1.124455,0.18456,25.91,0.061793,0.188466,1.217117,2.097561,4.01097,0.201,0,0
0.620775,0.361973,0.633122,1.980936,1.558122,-0.828046,31.32,-0.002417,0.115781,0.584841,0.782438,1.542831,2.647,1,2
0.585698,0.351363,0.566731,1.840685,1.056958,0.383924,31.32,-0.300921,-0.023653,0.273051,0.493579,0.850921,2.669,1,1
0.353869,0.193739,0.391511,1.20403,0.845877,-1.262849,31.32,0.030846,0.176763,0.624437,0.907565,2.493591,2.371,1,1
0.22939,0.077244,0.193175,1.741561,1.335053,0.904504,31.32,-0.085813,0.289122,0.589582,1.256328,5.072965,2.561,1,15
0.118194,0.051508,0.158734,4.061337,1.001564,0.176317,31.32,0.362903,0.275358,0.444186,0.876856,15.41743,0.015,0,0
0.255204,0.110599,0.198358,4.810614,1.028092,0.097116,31.32,0.35035,0.256229,0.334739,0.736776,11.301097,2.4,1,1
0.508926,0.144654,0.452153,2.30552,1.032975,0.235658,31.32,0.01148,0.154353,1.188069,1.980053,4.01639,0.017,0,0
0.507285,0.329926,0.508974,3.012141,1.400289,0.003491,31.32,-0.812169,-0.110045,0.347313,0.671576,2.217381,2.555,1,1
0.515684,0.22424,0.527453,2.244238,1.568318,-0.420624,31.32,0.078475,0.164549,0.753228,1.06925,2.409251,2.407,1,1
0.433518,0.270887,0.392201,1.610666,1.054167,-0.431069,31.32,-0.015375,0.07953,0.586048,6.082584,2.275016,2.76,1,4
0.179068,0.074483,0.227632,1.207162,-0.247469,-0.223812,31.32,0.005539,0.21358,0.197559,0.301013,3.972709,2.642,1,3
0.594295,0.523476,0.650578,4.070564,4.249263,0.500198,32.98,0.09099,0.103549,0.195441,1.1685,1.328632,0.119,0,0
0.596334,0.406637,0.626252,1.333847,1.692541,0.443537,31.32,-0.239321,0.047497,0.317021,0.529341,1.056911,2.822,1,3
0.133481,0.017687,0.141293,12.700931,0.938046,0.149969,37.76,0.247179,0.340601,0.602239,0.745238,19.694063,2.376,1,5
0.305431,0.23429,0.516237,1.189545,1.132088,0.093118,31.32,-0.002226,0.466523,0.644357,1.48566,3.659132,0.011,0,0
0.134973,0.053071,0.151411,1.187612,0.916145,0.790164,31.32,-0.005942,0.302646,0.358725,0.400538,5.476762,2.588,1,3
0.424009,0.155916,0.378194,3.638422,1.253044,-0.283485,29.01,0.059002,0.301953,0.694219,0.896495,3.358106,2.553,1,6
0.175072,0.006953,0.173458,3.015539,0.927619,0.265223,31.32,0.056322,0.14178,0.410557,0.537225,8.672296,2.456,1,7
0.596005,0.007733,0.596831,5.883668,0.049524,-1.93065,23.45,0.105633,0.284011,0.981832,1.032654,4.686543,0.122,0,0
0.456802,0.292928,0.393905,2.065282,1.265453,-0.005461,31.32,0.035988,0.239364,0.477973,0.950389,2.366756,2.73,1,2
0.383858,0.170127,0.380916,3.959798,1.036467,-0.37301,32.5,0.186392,0.307715,0.753833,1.578219,3.957601,0.094,0,0
0.462702,0.03225,0.49364,3.984113,1.066854,-0.095627,23.47,0.002002,0.186561,0.729573,0.85338,4.068204,2.462,1,2
0.25438,0.174421,0.253571,11.008829,0.999725,-0.111647,31.32,-0.376326,-0.053047,0.3211,0.771782,16.956915,0.041,0,0
0.483959,0.288123,0.681503,2.40863,1.175734,0.008835,35.49,0.06323,0.279471,0.613247,1.504508,2.933212,2.456,1,2
0.473496,0.392781,0.499155,3.817893,1.100738,-0.559175,31.32,0.13388,0.265809,0.622488,1.598052,2.353817,0.07,0,0
0.171525,0.018326,0.10696,6.166695,1.009079,-0.064952,37.81,0.321322,0.369669,0.495895,0.926236,5.096673,0.003,0,0
0.519264,0.117674,0.3824,13.103214,1.014342,-2.903957,37.97,0.198026,0.28341,0.700033,0.880984,5.781792,2.349,1,1
0.214307,0.025377,0.127106,2.691225,0.871135,-0.857311,33.46,0.138291,0.420091,1.018892,1.154132,4.632366,2.564,1,1
0.555446,0.051034,0.577363,2.826302,0.864625,-0.538709,19.08,0.045314,0.184065,1.511891,2.081406,2.87786,0,0,0
0.092115,0.044075,0.080731,2.676354,1.019492,0.061533,24.49,0.209426,0.769048,0.40824,0.584798,10.422457,2.37,1,2
0.381966,0.231905,0.347277,1.582983,1.08047,-1.024915,30.91,0.096911,0.267062,1.053523,1.884497,2.598126,0.084,0,0
0.668685,0.409192,0.777831,10.189642,2.554138,-0.352928,31.32,-0.006854,0.05783,0.730879,1.249153,1.192384,0.102,0,0
0.315008,0.184831,0.36096,3.167945,1.149263,-0.154276,31.32,0.191329,0.184598,0.418232,0.654976,5.234122,2.601,1,1
0.31401,0.101807,0.278046,5.733457,1.204656,-0.723337,31.32,0.23161,0.24971,0.418279,0.727622,6.300232,2.495,1,3
0.118588,0.027041,0.104344,2.059248,1.584111,-0.130982,31.32,-0.15124,0.055775,0.110453,0.140365,5.364814,0.003,0,0
0.207184,0.069835,0.149743,2.549687,1.397466,0.321445,31.32,0.033749,0.187232,0.15886,0.306291,6.959889,2.484,1,1
0.305852,0.119972,0.279269,2.298569,1.054167,-2.867642,31.32,-0.351746,-0.043715,0.176384,0.289098,0.864349,2.499,1,5
0.060033,0.011529,0.02569,3.86917,0.912632,-1.337258,31.32,0.17011,0.151551,0.275793,0.317217,26.780025,2.616,1,1
0.467218,0.103987,0.35969,6.015755,1.031324,2.131428,27.91,0.186366,0.220626,0.743327,1.009027,6.160235,0.087,0,0
0.219386,0.002436,0.303349,3.266572,1.001381,-2.235245,31.32,0.0823155,0.610298,0.888241,0.993519,4.72284,0.009,0,0
0.236852,0.100382,0.175544,4.711432,0.930025,-0.478943,31.32,0.183006,0.148653,0.258214,0.618822,4.178583,2.858,1,1
0.088556,0.003513,0.10395,3.792003,1.043923,-5.859741,31.32,0.315721,0.398085,0.428954,0.485636,13.885884,2.562,1,2
0.128504,0.039097,0.080523,5.01039,0.711401,-3.411327,31.32,0.29456,0.095303,0.191664,0.228993,15.257346,0.003,0,0
0.143107,0.025166,0.179445,3.33367,1.020243,0.577623,31.32,0.208103,0.335463,0.475053,0.623351,5.987244,0.003,0,0
0.298189,0.007387,0.322552,4.135631,0.952003,-0.266996,37.67,0.269804,0.32686,0.511358,0.589687,3.989419,2.561,1,1
0.320983,0.105642,0.387156,1.501802,1.068005,-1.165504,43.36,0.288638,0.32591,0.237626,0.416743,2.773915,2.391,1,1
0.26913,0.131624,0.356708,2.480182,1.054167,-0.188115,31.32,-0.19174,-0.342788,0.483755,0.909517,2.43626,2.335,1,1
0.432115,0.186425,0.444743,2.555683,1.054167,-0.107996,31.32,-0.005573,0.006797,0.614088,0.891613,1.743417,2.406,1,1
0.262638,0.002183,0.224357,4.911193,1.054167,-0.531153,31.32,0.111868,0.1930595,0.208801,0.391592,1.074307,2.558,1,1
0.311986,0.057227,0.28295,19.954028,1.001492,-3.263935,31.32,0.374682,0.343857,0.712115,1.546596,12.429735,0.006,0,0
0.08297,0.019781,0.038199,8.507655,1.047966,0.415778,23.13,0.936731,0.276174,0.306444,0.54256,15.580314,2.498,1,5
0.181059,0.008879,0.105539,2.560727,0.992663,1.225745,32.29,1.190982,0.585508,0.703131,0.857141,5.89634,2.286,1,2
0.141828,0.007426,0.09216,1.675183,0.967719,-1.056665,34.39,0.013022,0.22865,0.199324,0.313466,5.700499,2.666,1,2
0.235033,0.067574,0.246592,4.034444,0.973616,-0.311454,31.32,0.08662,0.086103,0.573569,0.901407,6.1276,2.471,1,1
0.450353,0.224468,0.394574,3.631561,1.054167,-2.460391,31.32,-0.409512,0.1930595,0.508028,0.858209,-0.474429,2.532,1,2
0.058992,0.001899,0.04489,2.720243,0.753268,-2.499392,68.23,4.765406,0.394731,0.095468,0.109286,9.504621,0.231,0,0
0.066652,0.002682,0.037663,2.246713,0.691758,-0.268414,31.32,0.833967,0.240115,0.141943,0.163647,10.638342,2.509,1,2
0.393318,0.145863,0.330763,6.077611,1.096981,0.220926,26.33,0.401342,0.160355,0.42896,0.83533,4.981972,0.06,0,0
0.295082,0.057542,0.248478,3.268959,1.035757,-0.475216,31.32,0.094153,0.222727,0.42706,0.69682,5.521347,2.601,1,3
0.314173,0.304325,0.377242,5.660492,1.055843,2.032271,24.19,0.272931,0.150103,0.429876,0.923776,3.061004,2.396,1,1
0.553085,0.060436,0.51242,4.599426,2.921717,-2.594656,31.32,-0.00994,0.108214,0.66208,0.856945,2.545226,2.428,1,3
0.39949,0.143164,0.295845,1.902462,1.054167,0.131835,16.6,-0.205611,-0.075929,0.328185,0.409507,1.720805,2.573,1,1
0.214383,0.015072,0.141886,1.905771,1.054167,-2.75413,31.32,-0.097102,-0.010015,0.410201,0.460235,2.957433,0.045,0,0
0.452474,0.104703,0.398843,2.686743,1.013244,0.493404,53.69,0.11064,0.157824,0.772804,1.180897,1.823739,0.245,0,0
0.343173,0.03702,0.32079,8.840114,0.883328,-0.272466,15.65,0.043015,0.1930595,0.605263,0.954325,4.244252,0.046,0,0
0.710647,0.243916,0.645443,2.969337,1.348856,-0.467448,31.32,0.073111,0.049601,0.377265,0.451544,0.955704,2.622,1,1
0.395199,0.053292,0.354817,2.626049,1.0056,-0.00892,31.32,0.062299,0.154467,0.211494,0.300078,1.961633,2.777,1,2
0.419529,0.119409,0.358962,8.088821,1.003313,1.076628,31.32,0.504574,0.343389,0.945207,1.59541,4.381037,0.006,0,0
0.074115,0.001028,0.034231,3.262445,0.579622,-0.348809,31.32,0.062522,0.1930595,0.229797,0.345987,10.438848,0.06,0,0
0.282985,0.019193,0.254854,2.290241,1.0312,-0.709835,31.32,0.059009,0.229844,0.546943,0.663925,4.584102,0.006,0,0
0.516499,0.114177,0.465546,1.418952,1.054167,-0.66349,45.1,0.05546,0.136966,0.552736,0.839804,1.402969,2.404,1,1
0.4694,0.021425,0.47664,12.977725,0.989932,-0.326195,32.34,0.298722,0.249156,0.572344,0.699086,11.055657,2.553,1,1
0.663381,0.215948,0.659045,5.414141,2.449825,-0.872215,17.83,0.0823155,0.082381,0.554051,1.097261,1.408427,2.628,1,1
0.54006,0.024484,0.418086,5.320913,0.994687,-0.283759,31.32,0.0823155,0.131513,1.01802,1.362555,2.943029,2.338,1,1
0.409155,0.191972,0.287737,5.135324,16.727213,0.45765,31.32,0.074601,0.085529,1.121193,1.433578,3.238031,0.187,0,0
